thisN,thisTrialN,thisRepN,letter,correct,key_resp.keys,key_resp.rt,key_resp.duration,nback_resp.keys,nback_resp.corr,selectblock,Type,Span,Stimulus,Response,Letter,corrResp,key_resp_2.keys,key_resp_2.corr,key_resp_2.rt,key_resp_2.duration,key_resp_3.keys,key_resp_3.corr,key_resp_3.rt,key_resp_3.duration,key_resp_4.keys,key_resp_4.rt,key_resp_4.duration,sound_loop.thisRepN,sound_loop.thisTrialN,sound_loop.thisN,sound_loop.thisIndex,trials_3.thisRepN,trials_3.thisTrialN,trials_3.thisN,trials_3.thisIndex,trials.thisRepN,trials.thisTrialN,trials.thisN,trials.thisIndex,trialloop.thisRepN,trialloop.thisTrialN,trialloop.thisN,trialloop.thisIndex,span2.thisRepN,span2.thisTrialN,span2.thisN,span2.thisIndex,trialloop2.thisRepN,trialloop2.thisTrialN,trialloop2.thisN,trialloop2.thisIndex,span3.thisRepN,span3.thisTrialN,span3.thisN,span3.thisIndex,trialloop3.thisRepN,trialloop3.thisTrialN,trialloop3.thisN,trialloop3.thisIndex,span4.thisRepN,span4.thisTrialN,span4.thisN,span4.thisIndex,trialloop4.thisRepN,trialloop4.thisTrialN,trialloop4.thisN,trialloop4.thisIndex,span5.thisRepN,span5.thisTrialN,span5.thisN,span5.thisIndex,trialloop5.thisRepN,trialloop5.thisTrialN,trialloop5.thisN,trialloop5.thisIndex,span6.thisRepN,span6.thisTrialN,span6.thisN,span6.thisIndex,trialloop6.thisRepN,trialloop6.thisTrialN,trialloop6.thisN,trialloop6.thisIndex,thisRow.t,notes,start_sound.started,start_sound.stopped,nback_instruction.started,nback_inst.started,key_resp.started,nback_instruction.stopped,sound_loop.key_resp.keys,sound_loop.key_resp.rt,sound_loop.key_resp.duration,nback.started,nback_stim.started,nback_resp.started,nback_resp.stopped,nback_stim.stopped,nback.stopped,trials_3.nback_resp.keys,trials_3.nback_resp.corr,instructions.started,inst_text.started,key_resp_5.started,instructions.stopped,practice_warning.started,text_6.started,text_6.stopped,practice_warning.stopped,stimulus.started,text.started,key_resp_2.started,stimulus.stopped,trialloop.key_resp_2.keys,trialloop.key_resp_2.corr,trialloop.key_resp_2.rt,trialloop.key_resp_2.duration,ospan_stim.started,text_2.started,ospan_stim.stopped,text_2.stopped,Recall.started,text_3.started,key_resp_3.started,key_resp_4.started,Recall.stopped,trials.key_resp_3.keys,trials.key_resp_3.corr,trials.key_resp_3.rt,trials.key_resp_3.duration,trials.key_resp_4.keys,trials.key_resp_4.rt,trials.key_resp_4.duration,trial_warning.started,text_5.started,text_5.stopped,trial_warning.stopped,trialloop2.key_resp_2.keys,trialloop2.key_resp_2.corr,trialloop2.key_resp_2.rt,trialloop2.key_resp_2.duration,span2.key_resp_3.keys,span2.key_resp_3.corr,span2.key_resp_3.rt,span2.key_resp_3.duration,span2.key_resp_4.keys,span2.key_resp_4.rt,span2.key_resp_4.duration,trialloop3.key_resp_2.keys,trialloop3.key_resp_2.corr,trialloop3.key_resp_2.rt,trialloop3.key_resp_2.duration,span3.key_resp_3.keys,span3.key_resp_3.corr,span3.key_resp_3.rt,span3.key_resp_3.duration,span3.key_resp_4.keys,span3.key_resp_4.rt,span3.key_resp_4.duration,trialloop4.key_resp_2.keys,trialloop4.key_resp_2.corr,trialloop4.key_resp_2.rt,trialloop4.key_resp_2.duration,span4.key_resp_3.keys,span4.key_resp_3.corr,span4.key_resp_3.rt,span4.key_resp_3.duration,span4.key_resp_4.keys,span4.key_resp_4.rt,span4.key_resp_4.duration,trialloop5.key_resp_2.keys,trialloop5.key_resp_2.corr,trialloop5.key_resp_2.rt,trialloop5.key_resp_2.duration,span5.key_resp_3.keys,span5.key_resp_3.corr,span5.key_resp_3.rt,span5.key_resp_3.duration,span5.key_resp_4.keys,span5.key_resp_4.rt,span5.key_resp_4.duration,trialloop6.key_resp_2.keys,trialloop6.key_resp_2.corr,trialloop6.key_resp_2.rt,trialloop6.key_resp_2.duration,span6.key_resp_3.keys,span6.key_resp_3.corr,span6.key_resp_3.rt,span6.key_resp_3.duration,span6.key_resp_4.keys,span6.key_resp_4.rt,span6.key_resp_4.duration,participant,session,date,expName,psychopyVersion,frameRate,expStart,
0,0,0,M,None,space,1.333297916018637,None,None,1,,,,,,,,,,,,,,,,,,,0,0,0,0,0,0,0,0,,,,,,,,,,,,,,,,,,,,,,,,,,,,,,,,,,,,,,,,,,,,,,,,,2.3166159170214087,,0.4648826250049751,0.46497716699377634,0.46499400000902824,0.4758427920169197,0.9619550420029555,2.297722834016895,space,1.333297916018637,None,2.3116952500131447,3.7952076670189854,3.7952076670189854,4.282124042016221,4.7846917920105625,4.780486625008052,None,1,,,,,,,,,,,,,,,,,,,,,,,,,,,,,,,,,,,,,,,,,,,,,,,,,,,,,,,,,,,,,,,,,,,,,,,,,,,,,,,,,,,,,,,,,,,,123,001,2025-05-10_13h52.27.660,OperationSpanTask,2024.2.4,60,2025-05-10 13h52.30.351451 -0700,
1,1,0,O,None,space,1.333297916018637,None,None,1,,,,,,,,,,,,,,,,,,,0,0,0,0,0,1,1,1,,,,,,,,,,,,,,,,,,,,,,,,,,,,,,,,,,,,,,,,,,,,,,,,,4.7846917920105625,,,,,,,,,,,4.782985458994517,6.295220959000289,6.295220959000289,6.782025459018769,7.286462500022026,7.282559375016717,None,1,,,,,,,,,,,,,,,,,,,,,,,,,,,,,,,,,,,,,,,,,,,,,,,,,,,,,,,,,,,,,,,,,,,,,,,,,,,,,,,,,,,,,,,,,,,,123,001,2025-05-10_13h52.27.660,OperationSpanTask,2024.2.4,60,2025-05-10 13h52.30.351451 -0700,
2,2,0,X,None,space,1.333297916018637,None,None,1,,,,,,,,,,,,,,,,,,,0,0,0,0,0,2,2,2,,,,,,,,,,,,,,,,,,,,,,,,,,,,,,,,,,,,,,,,,,,,,,,,,7.286462500022026,,,,,,,,,,,7.285032292013057,8.795276375021785,8.795276375021785,9.28246025001863,9.795284749998245,9.78597933400306,None,1,,,,,,,,,,,,,,,,,,,,,,,,,,,,,,,,,,,,,,,,,,,,,,,,,,,,,,,,,,,,,,,,,,,,,,,,,,,,,,,,,,,,,,,,,,,,123,001,2025-05-10_13h52.27.660,OperationSpanTask,2024.2.4,60,2025-05-10 13h52.30.351451 -0700,
3,3,0,P,None,space,1.333297916018637,None,None,1,,,,,,,,,,,,,,,,,,,0,0,0,0,0,3,3,3,,,,,,,,,,,,,,,,,,,,,,,,,,,,,,,,,,,,,,,,,,,,,,,,,9.795284749998245,,,,,,,,,,,9.788680875004502,11.286453792010434,11.286453792010434,11.79682537500048,12.283723917003954,12.280404792021727,None,1,,,,,,,,,,,,,,,,,,,,,,,,,,,,,,,,,,,,,,,,,,,,,,,,,,,,,,,,,,,,,,,,,,,,,,,,,,,,,,,,,,,,,,,,,,,,123,001,2025-05-10_13h52.27.660,OperationSpanTask,2024.2.4,60,2025-05-10 13h52.30.351451 -0700,
4,4,0,X,None,space,1.333297916018637,None,None,1,,,,,,,,,,,,,,,,,,,0,0,0,0,0,4,4,4,,,,,,,,,,,,,,,,,,,,,,,,,,,,,,,,,,,,,,,,,,,,,,,,,12.283723917003954,,,,,,,,,,,12.281713834003313,13.798065959010273,13.798065959010273,14.295172834012192,14.795210917014629,14.786537667008815,None,1,,,,,,,,,,,,,,,,,,,,,,,,,,,,,,,,,,,,,,,,,,,,,,,,,,,,,,,,,,,,,,,,,,,,,,,,,,,,,,,,,,,,,,,,,,,,123,001,2025-05-10_13h52.27.660,OperationSpanTask,2024.2.4,60,2025-05-10 13h52.30.351451 -0700,
5,5,0,L,None,space,1.333297916018637,None,None,1,,,,,,,,,,,,,,,,,,,0,0,0,0,0,5,5,5,,,,,,,,,,,,,,,,,,,,,,,,,,,,,,,,,,,,,,,,,,,,,,,,,14.795210917014629,,,,,,,,,,,14.78910129200085,16.29646066701389,16.29646066701389,16.795202542009065,17.28747537502204,17.284199667017674,None,1,,,,,,,,,,,,,,,,,,,,,,,,,,,,,,,,,,,,,,,,,,,,,,,,,,,,,,,,,,,,,,,,,,,,,,,,,,,,,,,,,,,,,,,,,,,,123,001,2025-05-10_13h52.27.660,OperationSpanTask,2024.2.4,60,2025-05-10 13h52.30.351451 -0700,
6,6,0,P,space,space,1.333297916018637,None,None,0,,,,,,,,,,,,,,,,,,,0,0,0,0,0,6,6,6,,,,,,,,,,,,,,,,,,,,,,,,,,,,,,,,,,,,,,,,,,,,,,,,,17.28747537502204,,,,,,,,,,,17.285646792006446,18.797338834003313,18.797338834003313,19.296971125004347,19.79523612500634,19.784106375009287,None,0,,,,,,,,,,,,,,,,,,,,,,,,,,,,,,,,,,,,,,,,,,,,,,,,,,,,,,,,,,,,,,,,,,,,,,,,,,,,,,,,,,,,,,,,,,,,123,001,2025-05-10_13h52.27.660,OperationSpanTask,2024.2.4,60,2025-05-10 13h52.30.351451 -0700,
7,7,0,A,None,space,1.333297916018637,None,None,1,,,,,,,,,,,,,,,,,,,0,0,0,0,0,7,7,7,,,,,,,,,,,,,,,,,,,,,,,,,,,,,,,,,,,,,,,,,,,,,,,,,19.79523612500634,,,,,,,,,,,19.786114459013334,21.29518533402006,21.29518533402006,21.78324408401386,22.284413417015458,22.280427624995355,None,1,,,,,,,,,,,,,,,,,,,,,,,,,,,,,,,,,,,,,,,,,,,,,,,,,,,,,,,,,,,,,,,,,,,,,,,,,,,,,,,,,,,,,,,,,,,,123,001,2025-05-10_13h52.27.660,OperationSpanTask,2024.2.4,60,2025-05-10 13h52.30.351451 -0700,
8,8,0,R,None,space,1.333297916018637,None,None,1,,,,,,,,,,,,,,,,,,,0,0,0,0,0,8,8,8,,,,,,,,,,,,,,,,,,,,,,,,,,,,,,,,,,,,,,,,,,,,,,,,,22.284413417015458,,,,,,,,,,,22.282981625001412,23.786538917018333,23.786538917018333,24.295411500002956,24.778633792011533,24.771205249999184,None,1,,,,,,,,,,,,,,,,,,,,,,,,,,,,,,,,,,,,,,,,,,,,,,,,,,,,,,,,,,,,,,,,,,,,,,,,,,,,,,,,,,,,,,,,,,,,123,001,2025-05-10_13h52.27.660,OperationSpanTask,2024.2.4,60,2025-05-10 13h52.30.351451 -0700,
9,9,0,K,None,space,1.333297916018637,None,None,1,,,,,,,,,,,,,,,,,,,0,0,0,0,0,9,9,9,,,,,,,,,,,,,,,,,,,,,,,,,,,,,,,,,,,,,,,,,,,,,,,,,24.778633792011533,,,,,,,,,,,24.774061125004664,26.295280499994988,26.295280499994988,26.78213129201322,27.283949875010876,27.28047820899519,None,1,,,,,,,,,,,,,,,,,,,,,,,,,,,,,,,,,,,,,,,,,,,,,,,,,,,,,,,,,,,,,,,,,,,,,,,,,,,,,,,,,,,,,,,,,,,,123,001,2025-05-10_13h52.27.660,OperationSpanTask,2024.2.4,60,2025-05-10 13h52.30.351451 -0700,
10,10,0,A,space,space,1.333297916018637,None,None,0,,,,,,,,,,,,,,,,,,,0,0,0,0,0,10,10,10,,,,,,,,,,,,,,,,,,,,,,,,,,,,,,,,,,,,,,,,,,,,,,,,,27.283949875010876,,,,,,,,,,,27.282001167011913,28.795251959003508,28.795251959003508,29.285826917010127,29.795291417016415,29.78422045899788,None,0,,,,,,,,,,,,,,,,,,,,,,,,,,,,,,,,,,,,,,,,,,,,,,,,,,,,,,,,,,,,,,,,,,,,,,,,,,,,,,,,,,,,,,,,,,,,123,001,2025-05-10_13h52.27.660,OperationSpanTask,2024.2.4,60,2025-05-10 13h52.30.351451 -0700,
11,11,0,R,space,space,1.333297916018637,None,None,0,,,,,,,,,,,,,,,,,,,0,0,0,0,0,11,11,11,,,,,,,,,,,,,,,,,,,,,,,,,,,,,,,,,,,,,,,,,,,,,,,,,29.795291417016415,,,,,,,,,,,29.78588716700324,31.28667925001355,31.28667925001355,31.78447291700286,32.295301459002076,32.284285625006305,None,0,,,,,,,,,,,,,,,,,,,,,,,,,,,,,,,,,,,,,,,,,,,,,,,,,,,,,,,,,,,,,,,,,,,,,,,,,,,,,,,,,,,,,,,,,,,,123,001,2025-05-10_13h52.27.660,OperationSpanTask,2024.2.4,60,2025-05-10 13h52.30.351451 -0700,
12,12,0,B,None,space,1.333297916018637,None,None,1,,,,,,,,,,,,,,,,,,,0,0,0,0,0,12,12,12,,,,,,,,,,,,,,,,,,,,,,,,,,,,,,,,,,,,,,,,,,,,,,,,,32.295301459002076,,,,,,,,,,,32.28693316699355,33.79649183401489,33.79649183401489,34.29718358401442,34.79693816701183,34.78223262500251,None,1,,,,,,,,,,,,,,,,,,,,,,,,,,,,,,,,,,,,,,,,,,,,,,,,,,,,,,,,,,,,,,,,,,,,,,,,,,,,,,,,,,,,,,,,,,,,123,001,2025-05-10_13h52.27.660,OperationSpanTask,2024.2.4,60,2025-05-10 13h52.30.351451 -0700,
13,13,0,N,None,space,1.333297916018637,None,None,1,,,,,,,,,,,,,,,,,,,0,0,0,0,0,13,13,13,,,,,,,,,,,,,,,,,,,,,,,,,,,,,,,,,,,,,,,,,,,,,,,,,34.79693816701183,,,,,,,,,,,34.784849749994464,36.29525104200002,36.29525104200002,36.782162874995265,37.295367959013674,37.28596729200217,None,1,,,,,,,,,,,,,,,,,,,,,,,,,,,,,,,,,,,,,,,,,,,,,,,,,,,,,,,,,,,,,,,,,,,,,,,,,,,,,,,,,,,,,,,,,,,,123,001,2025-05-10_13h52.27.660,OperationSpanTask,2024.2.4,60,2025-05-10 13h52.30.351451 -0700,
14,14,0,T,None,space,1.333297916018637,None,None,1,,,,,,,,,,,,,,,,,,,0,0,0,0,0,14,14,14,,,,,,,,,,,,,,,,,,,,,,,,,,,,,,,,,,,,,,,,,,,,,,,,,37.295367959013674,,,,,,,,,,,37.288646875007544,38.79673041700153,38.79673041700153,39.29527837500791,39.79556962501374,39.786283541994635,None,1,,,,,,,,,,,,,,,,,,,,,,,,,,,,,,,,,,,,,,,,,,,,,,,,,,,,,,,,,,,,,,,,,,,,,,,,,,,,,,,,,,,,,,,,,,,,123,001,2025-05-10_13h52.27.660,OperationSpanTask,2024.2.4,60,2025-05-10 13h52.30.351451 -0700,
15,15,0,T,None,space,1.333297916018637,None,None,1,,,,,,,,,,,,,,,,,,,0,0,0,0,0,15,15,15,,,,,,,,,,,,,,,,,,,,,,,,,,,,,,,,,,,,,,,,,,,,,,,,,39.79556962501374,,,,,,,,,,,39.78643525001826,41.29738175001694,41.29738175001694,41.78479133400833,42.29528916699928,42.283924667019164,None,1,,,,,,,,,,,,,,,,,,,,,,,,,,,,,,,,,,,,,,,,,,,,,,,,,,,,,,,,,,,,,,,,,,,,,,,,,,,,,,,,,,,,,,,,,,,,123,001,2025-05-10_13h52.27.660,OperationSpanTask,2024.2.4,60,2025-05-10 13h52.30.351451 -0700,
16,16,0,N,space,space,1.333297916018637,None,None,0,,,,,,,,,,,,,,,,,,,0,0,0,0,0,16,16,16,,,,,,,,,,,,,,,,,,,,,,,,,,,,,,,,,,,,,,,,,,,,,,,,,42.29528916699928,,,,,,,,,,,42.28533937499742,43.79529083400848,43.79529083400848,44.285441875021206,44.78890737501206,44.78541662500356,None,0,,,,,,,,,,,,,,,,,,,,,,,,,,,,,,,,,,,,,,,,,,,,,,,,,,,,,,,,,,,,,,,,,,,,,,,,,,,,,,,,,,,,,,,,,,,,123,001,2025-05-10_13h52.27.660,OperationSpanTask,2024.2.4,60,2025-05-10 13h52.30.351451 -0700,
17,17,0,Y,None,space,1.333297916018637,None,None,1,,,,,,,,,,,,,,,,,,,0,0,0,0,0,17,17,17,,,,,,,,,,,,,,,,,,,,,,,,,,,,,,,,,,,,,,,,,,,,,,,,,44.78890737501206,,,,,,,,,,,44.78750916701392,46.29651687500882,46.29651687500882,46.79526158401859,47.295352167013334,47.28467833402101,None,1,,,,,,,,,,,,,,,,,,,,,,,,,,,,,,,,,,,,,,,,,,,,,,,,,,,,,,,,,,,,,,,,,,,,,,,,,,,,,,,,,,,,,,,,,,,,123,001,2025-05-10_13h52.27.660,OperationSpanTask,2024.2.4,60,2025-05-10 13h52.30.351451 -0700,
18,18,0,S,None,space,1.333297916018637,None,None,1,,,,,,,,,,,,,,,,,,,0,0,0,0,0,18,18,18,,,,,,,,,,,,,,,,,,,,,,,,,,,,,,,,,,,,,,,,,,,,,,,,,47.295352167013334,,,,,,,,,,,47.28763958401396,48.79676658401149,48.79676658401149,49.28556766701513,49.78764329201658,49.7844263750012,None,1,,,,,,,,,,,,,,,,,,,,,,,,,,,,,,,,,,,,,,,,,,,,,,,,,,,,,,,,,,,,,,,,,,,,,,,,,,,,,,,,,,,,,,,,,,,,123,001,2025-05-10_13h52.27.660,OperationSpanTask,2024.2.4,60,2025-05-10 13h52.30.351451 -0700,
19,19,0,R,None,space,1.333297916018637,None,None,1,,,,,,,,,,,,,,,,,,,0,0,0,0,0,19,19,19,,,,,,,,,,,,,,,,,,,,,,,,,,,,,,,,,,,,,,,,,,,,,,,,,49.78764329201658,,,,,,,,,,,49.78578929201467,51.288034458993934,51.288034458993934,51.78208716699737,52.28331587501452,52.280395334004425,None,1,,,,,,,,,,,,,,,,,,,,,,,,,,,,,,,,,,,,,,,,,,,,,,,,,,,,,,,,,,,,,,,,,,,,,,,,,,,,,,,,,,,,,,,,,,,,123,001,2025-05-10_13h52.27.660,OperationSpanTask,2024.2.4,60,2025-05-10 13h52.30.351451 -0700,
20,20,0,Y,space,space,1.333297916018637,None,None,0,,,,,,,,,,,,,,,,,,,0,0,0,0,0,20,20,20,,,,,,,,,,,,,,,,,,,,,,,,,,,,,,,,,,,,,,,,,,,,,,,,,52.28331587501452,,,,,,,,,,,52.28170829199371,53.786417584022274,53.786417584022274,54.28210333400057,54.79536691700923,54.78401054200367,None,0,,,,,,,,,,,,,,,,,,,,,,,,,,,,,,,,,,,,,,,,,,,,,,,,,,,,,,,,,,,,,,,,,,,,,,,,,,,,,,,,,,,,,,,,,,,,123,001,2025-05-10_13h52.27.660,OperationSpanTask,2024.2.4,60,2025-05-10 13h52.30.351451 -0700,
21,21,0,F,None,space,1.333297916018637,None,None,1,,,,,,,,,,,,,,,,,,,0,0,0,0,0,21,21,21,,,,,,,,,,,,,,,,,,,,,,,,,,,,,,,,,,,,,,,,,,,,,,,,,54.79536691700923,,,,,,,,,,,54.786396334005985,56.29531141699408,56.29531141699408,56.785683791997144,57.28368958400097,57.28044066700386,None,1,,,,,,,,,,,,,,,,,,,,,,,,,,,,,,,,,,,,,,,,,,,,,,,,,,,,,,,,,,,,,,,,,,,,,,,,,,,,,,,,,,,,,,,,,,,,123,001,2025-05-10_13h52.27.660,OperationSpanTask,2024.2.4,60,2025-05-10 13h52.30.351451 -0700,
22,22,0,R,space,space,1.333297916018637,None,None,0,,,,,,,,,,,,,,,,,,,0,0,0,0,0,22,22,22,,,,,,,,,,,,,,,,,,,,,,,,,,,,,,,,,,,,,,,,,,,,,,,,,57.28368958400097,,,,,,,,,,,57.28175220900448,58.79529866701341,58.79529866701341,59.28418408401194,59.7858490840008,59.782492333994014,None,0,,,,,,,,,,,,,,,,,,,,,,,,,,,,,,,,,,,,,,,,,,,,,,,,,,,,,,,,,,,,,,,,,,,,,,,,,,,,,,,,,,,,,,,,,,,,123,001,2025-05-10_13h52.27.660,OperationSpanTask,2024.2.4,60,2025-05-10 13h52.30.351451 -0700,
23,23,0,A,None,space,1.333297916018637,None,None,1,,,,,,,,,,,,,,,,,,,0,0,0,0,0,23,23,23,,,,,,,,,,,,,,,,,,,,,,,,,,,,,,,,,,,,,,,,,,,,,,,,,59.7858490840008,,,,,,,,,,,59.783816209004726,61.29528370901244,61.29528370901244,61.78211408399511,62.29531016701367,62.28431387501769,None,1,,,,,,,,,,,,,,,,,,,,,,,,,,,,,,,,,,,,,,,,,,,,,,,,,,,,,,,,,,,,,,,,,,,,,,,,,,,,,,,,,,,,,,,,,,,,123,001,2025-05-10_13h52.27.660,OperationSpanTask,2024.2.4,60,2025-05-10 13h52.30.351451 -0700,
24,24,0,K,None,space,1.333297916018637,None,None,1,,,,,,,,,,,,,,,,,,,0,0,0,0,0,24,24,24,,,,,,,,,,,,,,,,,,,,,,,,,,,,,,,,,,,,,,,,,,,,,,,,,62.29531016701367,,,,,,,,,,,62.28578087501228,63.7966193750035,63.7966193750035,64.29680237499997,64.78818125001271,64.78458295902237,None,1,,,,,,,,,,,,,,,,,,,,,,,,,,,,,,,,,,,,,,,,,,,,,,,,,,,,,,,,,,,,,,,,,,,,,,,,,,,,,,,,,,,,,,,,,,,,123,001,2025-05-10_13h52.27.660,OperationSpanTask,2024.2.4,60,2025-05-10 13h52.30.351451 -0700,
25,25,0,F,None,space,1.333297916018637,None,None,1,,,,,,,,,,,,,,,,,,,0,0,0,0,0,25,25,25,,,,,,,,,,,,,,,,,,,,,,,,,,,,,,,,,,,,,,,,,,,,,,,,,64.78818125001271,,,,,,,,,,,64.78608595900005,66.29526329200598,66.29526329200598,66.78575970901875,67.28789533401141,67.2843235420005,None,1,,,,,,,,,,,,,,,,,,,,,,,,,,,,,,,,,,,,,,,,,,,,,,,,,,,,,,,,,,,,,,,,,,,,,,,,,,,,,,,,,,,,,,,,,,,,123,001,2025-05-10_13h52.27.660,OperationSpanTask,2024.2.4,60,2025-05-10 13h52.30.351451 -0700,
26,26,0,B,None,space,1.333297916018637,None,None,1,,,,,,,,,,,,,,,,,,,0,0,0,0,0,26,26,26,,,,,,,,,,,,,,,,,,,,,,,,,,,,,,,,,,,,,,,,,,,,,,,,,67.28789533401141,,,,,,,,,,,67.28597670901217,68.78749141699518,68.78749141699518,69.28715495901997,69.78873441700125,69.78522370901192,None,1,,,,,,,,,,,,,,,,,,,,,,,,,,,,,,,,,,,,,,,,,,,,,,,,,,,,,,,,,,,,,,,,,,,,,,,,,,,,,,,,,,,,,,,,,,,,123,001,2025-05-10_13h52.27.660,OperationSpanTask,2024.2.4,60,2025-05-10 13h52.30.351451 -0700,
27,27,0,K,space,space,1.333297916018637,None,None,0,,,,,,,,,,,,,,,,,,,0,0,0,0,0,27,27,27,,,,,,,,,,,,,,,,,,,,,,,,,,,,,,,,,,,,,,,,,,,,,,,,,69.78873441700125,,,,,,,,,,,69.78683695901418,71.28695637499914,71.28695637499914,71.78617466700962,72.28364599999622,72.28052329202183,None,0,,,,,,,,,,,,,,,,,,,,,,,,,,,,,,,,,,,,,,,,,,,,,,,,,,,,,,,,,,,,,,,,,,,,,,,,,,,,,,,,,,,,,,,,,,,,123,001,2025-05-10_13h52.27.660,OperationSpanTask,2024.2.4,60,2025-05-10 13h52.30.351451 -0700,
28,28,0,A,None,space,1.333297916018637,None,None,1,,,,,,,,,,,,,,,,,,,0,0,0,0,0,28,28,28,,,,,,,,,,,,,,,,,,,,,,,,,,,,,,,,,,,,,,,,,,,,,,,,,72.28364599999622,,,,,,,,,,,72.28182204201585,73.79531816701638,73.79531816701638,74.28344416699838,74.79172191701946,74.78536574999453,None,1,,,,,,,,,,,,,,,,,,,,,,,,,,,,,,,,,,,,,,,,,,,,,,,,,,,,,,,,,,,,,,,,,,,,,,,,,,,,,,,,,,,,,,,,,,,,123,001,2025-05-10_13h52.27.660,OperationSpanTask,2024.2.4,60,2025-05-10 13h52.30.351451 -0700,
0,0,0,,,space,1.333297916018637,None,,,Block1.xlsx,Operation,Example,( 3 - 1 ) × 2 = 4,right,D,None,right,1,4.054576832975727,None,,,,,,,,0,0,0,0,,,,,0,0,0,0,0,0,0,0,,,,,,,,,,,,,,,,,,,,,,,,,,,,,,,,,,,,,,,,,78.61917379201623,,,,,,,,,,,,,,,,,,,74.78890954199596,74.79172191701946,75.79527729199617,76.60386545900838,76.6088893340202,76.61512483400293,78.61917379201623,78.60113645900856,78.61760045899427,78.89935562500614,78.89935562500614,82.96786920900922,right,1,4.054576832975727,None,82.97015199999441,82.99949833401479,83.98040312499506,,,,,,,,,,,,,,,,,,,,,,,,,,,,,,,,,,,,,,,,,,,,,,,,,,,,,,,,,,,,,,,,,,,,,,,,,123,001,2025-05-10_13h52.27.660,OperationSpanTask,2024.2.4,60,2025-05-10 13h52.30.351451 -0700,
1,1,0,,,space,1.333297916018637,None,,,Block1.xlsx,Operation,Example,( 3 + 6 ) × 2 = 16,left,T,"['d', 't']",right,0,0.06439029198372737,None,,,,,,,,0,0,0,0,,,,,0,0,0,0,0,1,1,1,,,,,,,,,,,,,,,,,,,,,,,,,,,,,,,,,,,,,,,,,83.98561016700114,,,,,,,,,,,,,,,,,,,,,,,,,,,83.9839892089949,84.26192204200197,84.26192204200197,84.33113129201229,right,0,0.06439029198372737,None,84.33239270900958,84.3361314170179,85.33047170902137,85.33460016699973,,,,,,,,,,,,,,,,,,,,,,,,,,,,,,,,,,,,,,,,,,,,,,,,,,,,,,,,,,,,,,,,,,,,,,,,123,001,2025-05-10_13h52.27.660,OperationSpanTask,2024.2.4,60,2025-05-10 13h52.30.351451 -0700,
0,0,0,,,space,1.333297916018637,None,,,Block1.xlsx,,,,,,,,,,,"['n', 'd', 'd', 'm', 'n', 'n', 'j', 'g', 't', 't', 'h', 'j', 'k', 'm', 'n', 'b', 'v', 'c', 'x', 's', 'r', 't', 'm', 'k', 't', 'b', 'v', 'b', 'n', 'v', 'n', 'b', 'b', 'n', 'n', 'm', 'n', 'm', 'g', 'h', 'g']",0,"[3.9322499579866417, 5.1667765410093125, 5.303557125007501, 6.595935916004237, 6.6076759999850765, 6.867715790984221, 6.984349208010826, 7.067496375006158, 7.249595375003992, 7.428778665984282, 7.766556082991883, 7.8378489580063615, 7.970412958005909, 8.258930749987485, 8.32290266599739, 8.459167749999324, 8.5189607909997, 8.587053374998504, 8.675070416007657, 8.747403874993324, 9.174141374998726, 9.236162165994756, 12.976539166003931, 12.980638625012944, 14.115462499990826, 14.414384166011587, 14.53802233299939, 14.614270165999187, 14.626143541012425, 14.75189008298912, 14.83219712501159, 14.84821016600472, 14.992797124985373, 15.004623665998224, 15.326374750002287, 15.410451125004329, 15.548493957991013, 15.58051745800185, 16.109723665984347, 16.272383750008885, 16.276605833001668]","[0.060347958002239466, 0.05581733398139477, 0.06807112498790957, 0.27589695900678635, 0.2203446660132613, 0.08009775000391528, 0.060394166997866705, 0.07193887498578988, 0.055896999983815476, 0.2396466250065714, 0.0636972920037806, 0.09227633298723958, 0.2480828329862561, 0.09601241600466892, 0.14014620901434682, 0.059793041000375524, 0.07213774998672307, 0.09599991599679925, 0.08823945900076069, 0.14362979101133533, 0.04388350000954233, 0.04435599999851547, 0.02390691699110903, 0.059689874993637204, 0.08390525000868365, 0.11185254197334871, 0.09601995800039731, 0.11624350000056438, 0.08000779198482633, 0.10415262501919642, 0.07174412498716265, 0.06802437498117797, 0.06820187502307817, 0.07624170900089666, 0.0798767909873277, 0.10005466599250212, 0.09177804199862294, 0.11174424999626353, 0.07221154202125035, 0.06809674997930415, 0.031986999994842336]",space,47.4740147079865,None,0,0,0,0,,,,,0,0,0,0,,,,,,,,,,,,,,,,,,,,,,,,,,,,,,,,,,,,,,,,,,,,,,,,,,,,,,,,,,,,,,,,,,,,,,,,,,,,,,,,,,,,85.33197666701744,85.33460016699973,85.33460016699973,85.82865033400594,133.31467399999383,"['n', 'd', 'd', 'm', 'n', 'n', 'j', 'g', 't', 't', 'h', 'j', 'k', 'm', 'n', 'b', 'v', 'c', 'x', 's', 'r', 't', 'm', 'k', 't', 'b', 'v', 'b', 'n', 'v', 'n', 'b', 'b', 'n', 'n', 'm', 'n', 'm', 'g', 'h', 'g']",0,"[3.9322499579866417, 5.1667765410093125, 5.303557125007501, 6.595935916004237, 6.6076759999850765, 6.867715790984221, 6.984349208010826, 7.067496375006158, 7.249595375003992, 7.428778665984282, 7.766556082991883, 7.8378489580063615, 7.970412958005909, 8.258930749987485, 8.32290266599739, 8.459167749999324, 8.5189607909997, 8.587053374998504, 8.675070416007657, 8.747403874993324, 9.174141374998726, 9.236162165994756, 12.976539166003931, 12.980638625012944, 14.115462499990826, 14.414384166011587, 14.53802233299939, 14.614270165999187, 14.626143541012425, 14.75189008298912, 14.83219712501159, 14.84821016600472, 14.992797124985373, 15.004623665998224, 15.326374750002287, 15.410451125004329, 15.548493957991013, 15.58051745800185, 16.109723665984347, 16.272383750008885, 16.276605833001668]","[0.060347958002239466, 0.05581733398139477, 0.06807112498790957, 0.27589695900678635, 0.2203446660132613, 0.08009775000391528, 0.060394166997866705, 0.07193887498578988, 0.055896999983815476, 0.2396466250065714, 0.0636972920037806, 0.09227633298723958, 0.2480828329862561, 0.09601241600466892, 0.14014620901434682, 0.059793041000375524, 0.07213774998672307, 0.09599991599679925, 0.08823945900076069, 0.14362979101133533, 0.04388350000954233, 0.04435599999851547, 0.02390691699110903, 0.059689874993637204, 0.08390525000868365, 0.11185254197334871, 0.09601995800039731, 0.11624350000056438, 0.08000779198482633, 0.10415262501919642, 0.07174412498716265, 0.06802437498117797, 0.06820187502307817, 0.07624170900089666, 0.0798767909873277, 0.10005466599250212, 0.09177804199862294, 0.11174424999626353, 0.07221154202125035, 0.06809674997930415, 0.031986999994842336]",space,47.4740147079865,None,,,,,,,,,,,,,,,,,,,,,,,,,,,,,,,,,,,,,,,,,,,,,,,,,,,,,,,,,,,,123,001,2025-05-10_13h52.27.660,OperationSpanTask,2024.2.4,60,2025-05-10 13h52.30.351451 -0700,
0,0,0,,,space,1.333297916018637,None,,,Block2.xlsx,Operation,Example,( 5 - 2 ) × 2 = 3,left,R,None,right,0,2.0075837499753106,None,,,,,,,,0,0,0,0,,,,,0,1,1,1,0,0,0,0,,,,,,,,,,,,,,,,,,,,,,,,,,,,,,,,,,,,,,,,,135.3321992919955,,,,,,,,,,,,,,,,,,,,,,,133.31900220899843,133.32273137499578,135.3321992919955,135.3185083749995,135.33053341699997,135.61578887500218,135.61578887500218,137.6310663339973,right,0,2.0075837499753106,None,137.63231966699823,137.63600279201637,138.63252545901923,,,,,,,,,,,,,,,,,,,,,,,,,,,,,,,,,,,,,,,,,,,,,,,,,,,,,,,,,,,,,,,,,,,,,,,,,123,001,2025-05-10_13h52.27.660,OperationSpanTask,2024.2.4,60,2025-05-10 13h52.30.351451 -0700,
1,1,0,,,space,1.333297916018637,None,,,Block2.xlsx,Operation,Example,( 4 + 1 ) × 1 = 5,right,V,"['r', 'v']",left,0,0.4963899999856949,None,,,,,,,,0,0,0,0,,,,,0,1,1,1,0,1,1,1,,,,,,,,,,,,,,,,,,,,,,,,,,,,,,,,,,,,,,,,,138.63674220899702,,,,,,,,,,,,,,,,,,,,,,,,,,,138.63483508399804,138.91957962501328,138.91957962501328,139.41804108401993,left,0,0.4963899999856949,None,139.42039479201776,139.4288567500189,140.4139529170061,140.41754220900475,,,,,,,,,,,,,,,,,,,,,,,,,,,,,,,,,,,,,,,,,,,,,,,,,,,,,,,,,,,,,,,,,,,,,,,,123,001,2025-05-10_13h52.27.660,OperationSpanTask,2024.2.4,60,2025-05-10 13h52.30.351451 -0700,
1,1,0,,,space,1.333297916018637,None,,,Block2.xlsx,,,,,,,,,,,"['r', 'v']",1,"[3.7421535000030417, 3.904342458001338]","[0.09621970797888935, 0.05597262497758493]",space,5.253624499979196,None,0,0,0,0,,,,,0,1,1,1,,,,,,,,,,,,,,,,,,,,,,,,,,,,,,,,,,,,,,,,,,,,,,,,,,,,,,,,,,,,,,,,,,,,,,,,,,,,,,,,,,,,140.41552750000847,140.41754220900475,140.41754220900475,140.91915679202066,146.17345845900127,"['r', 'v']",1,"[3.7421535000030417, 3.904342458001338]","[0.09621970797888935, 0.05597262497758493]",space,5.253624499979196,None,,,,,,,,,,,,,,,,,,,,,,,,,,,,,,,,,,,,,,,,,,,,,,,,,,,,,,,,,,,,123,001,2025-05-10_13h52.27.660,OperationSpanTask,2024.2.4,60,2025-05-10 13h52.30.351451 -0700,
0,0,0,,,space,1.333297916018637,None,,,Block1.xlsx,Operation,2,( 4 - 1 ) × 1 = 6,left,S,None,left,1,2.0699642909748945,None,,,,,,,,0,0,0,0,,,,,,,,,,,,,0,0,0,0,0,0,0,0,,,,,,,,,,,,,,,,,,,,,,,,,,,,,,,,,148.68203170900233,,,,,,,,,,,,,,,,,,,,,,,,,,,148.6802487920213,148.96573720901506,148.96573720901506,151.0477833750192,,,,,151.0490387500031,151.05241625002236,152.0474365419941,152.05141041701427,,,,,,,,,,,,,146.17843991701375,146.18393983400892,148.68203170900233,148.67098129200167,left,1,2.0699642909748945,None,,,,,,,,,,,,,,,,,,,,,,,,,,,,,,,,,,,,,,,,,,,,,,,,,,,,123,001,2025-05-10_13h52.27.660,OperationSpanTask,2024.2.4,60,2025-05-10 13h52.30.351451 -0700,
1,1,0,,,space,1.333297916018637,None,,,Block1.xlsx,Operation,2,( 3 + 1 ) × 3 = 12,right,B,"['s', 'b']",right,1,0.15170066599966958,None,,,,,,,,0,0,0,0,,,,,,,,,,,,,0,0,0,0,0,1,1,1,,,,,,,,,,,,,,,,,,,,,,,,,,,,,,,,,152.05141041701427,,,,,,,,,,,,,,,,,,,,,,,,,,,152.0495390840224,152.34580624999944,152.34580624999944,152.50128179200692,,,,,152.50264408401563,152.5121165419987,153.49791754200123,153.50192512501962,,,,,,,,,,,,,,,,,right,1,0.15170066599966958,None,,,,,,,,,,,,,,,,,,,,,,,,,,,,,,,,,,,,,,,,,,,,,,,,,,,,123,001,2025-05-10_13h52.27.660,OperationSpanTask,2024.2.4,60,2025-05-10 13h52.30.351451 -0700,
0,0,0,,,space,1.333297916018637,None,,,Block1.xlsx,,,,,,,,,,,"['r', 'v']",0,"[0.541797707992373, 0.6338174580014311]","[0.14031625000643544, 0.11602495799888857]",space,1.8730213750095572,None,0,0,0,0,,,,,,,,,,,,,0,0,0,0,,,,,,,,,,,,,,,,,,,,,,,,,,,,,,,,,,,,,,,,,,,,,,,,,,,,,,,,,,,,,,,,,,,,,,,,,,,,153.49937520900858,153.50192512501962,153.50192512501962,153.99552262501675,155.88478066699463,,,,,,,,,,,,,,,,"['r', 'v']",0,"[0.541797707992373, 0.6338174580014311]","[0.14031625000643544, 0.11602495799888857]",space,1.8730213750095572,None,,,,,,,,,,,,,,,,,,,,,,,,,,,,,,,,,,,,,,,,,,,,,123,001,2025-05-10_13h52.27.660,OperationSpanTask,2024.2.4,60,2025-05-10 13h52.30.351451 -0700,
0,0,0,,,space,1.333297916018637,None,,,Block2.xlsx,Operation,2,( 4 - 2 ) × 2 = 6,left,T,None,left,1,0.7259818330057897,None,,,,,,,,0,0,0,0,,,,,,,,,,,,,0,1,1,1,0,0,0,0,,,,,,,,,,,,,,,,,,,,,,,,,,,,,,,,,158.39891312501277,,,,,,,,,,,,,,,,,,,,,,,,,,,158.39417945902096,158.69648558401968,158.69648558401968,159.4332640840148,,,,,159.43455058400286,159.4378356670204,160.43080216701492,160.43632274999982,,,,,,,,,,,,,155.88503916701302,155.88895087499986,158.39891312501277,158.38422929201624,left,1,0.7259818330057897,None,,,,,,,,,,,,,,,,,,,,,,,,,,,,,,,,,,,,,,,,,,,,,,,,,,,,123,001,2025-05-10_13h52.27.660,OperationSpanTask,2024.2.4,60,2025-05-10 13h52.30.351451 -0700,
1,1,0,,,space,1.333297916018637,None,,,Block2.xlsx,Operation,2,( 4 - 1 ) × 4 = 12,right,N,"['t', 'n']",left,0,0.05485691601643339,None,,,,,,,,0,0,0,0,,,,,,,,,,,,,0,1,1,1,0,1,1,1,,,,,,,,,,,,,,,,,,,,,,,,,,,,,,,,,160.43632274999982,,,,,,,,,,,,,,,,,,,,,,,,,,,160.43289920900133,160.73258862501825,160.73258862501825,160.79799408401595,,,,,160.79926129200612,160.80275825000717,161.7972302090202,161.80064612501883,,,,,,,,,,,,,,,,,left,0,0.05485691601643339,None,,,,,,,,,,,,,,,,,,,,,,,,,,,,,,,,,,,,,,,,,,,,,,,,,,,,123,001,2025-05-10_13h52.27.660,OperationSpanTask,2024.2.4,60,2025-05-10 13h52.30.351451 -0700,
1,1,0,,,space,1.333297916018637,None,,,Block2.xlsx,,,,,,,,,,,"['v', 'r', 'v', 'r', 'v', 'r', 'v', 'r', 'v', 'r', 'v', 'r', 'v', 'r', 'v', 'r', 'v', 'r', 'v', 'r', 'v', 'r', 'v', 'r', 'v', 'r', 'v', 'v', 'r', 'v', 'r', 'v', 'r', 'v', 'r', 'v', 'r', 'v', 'r', 'v', 'r', 'v', 'r', 'f', 'f', 'r', 'f']",0,"[0.03287766600260511, 0.08507299999473616, 0.17707312499987893, 0.25719466601731256, 0.3253224579966627, 0.4413090000161901, 0.018140667001716793, 0.3541962919989601, 0.3903835419914685, 0.5382145420007873, 0.5903304580133408, 0.7176696250098757, 0.8019560830143746, 0.9017260420077946, 0.9698189999908209, 1.069704166991869, 1.1378582080069464, 1.257950333005283, 1.3461348749988247, 1.4578861670161132, 1.5578316250175703, 1.6537765829998534, 1.7577340830175672, 1.8620739170000888, 1.9580478749994654, 2.0578457500087097, 2.14610491701751, 3.371609708003234, 3.483618792000925, 3.53973550000228, 3.663950832997216, 3.7437659580027685, 3.8517312920012046, 3.9396167499944568, 4.039602625009138, 4.111964292009361, 4.258981874998426, 4.279123792017344, 4.39815529200132, 4.485941999999341, 4.604526417009765, 4.672470916993916, 4.80735587500385, 4.839342708000913, 5.415473458007909, 5.697591125004692, 5.840468750015134]","[0.052195333992131054, 0.08390037500066683, 0.06787683299626224, 0.07196566698257811, 0.08763445800286718, 0.07155662498553284, 0.28030316601507366, 0.05201874999329448, 0.09577262500533834, 0.05626929100253619, 0.08389295899542049, 0.07625062498846091, 0.0758758339798078, 0.06809295798302628, 0.08003658300731331, 0.06403558302554302, 0.11212754200096242, 0.09206104199984111, 0.10775366699090227, 0.08394199999747798, 0.09594495798228309, 0.10819754199474119, 0.09224695898592472, 0.09597395799937658, 0.07978450000518933, 0.0761103330005426, 0.02372108298004605, 0.13630970899248496, 0.08413883301545866, 0.1279243330063764, 0.09167695901123807, 0.10796533399843611, 0.0962322500126902, 0.09998587501468137, 0.0921735419833567, 0.08789995798724703, 0.04816112501430325, 0.09607033297652379, 0.10007770798983984, 0.07216504201642238, 0.06794449998415075, 0.06419037500745617, 0.04030637501273304, 0.09609191698837094, 0.08766937500331551, 0.09180254201055504, 0.12441799999214709]",space,6.715121374989394,None,0,0,0,0,,,,,,,,,,,,,0,1,1,1,,,,,,,,,,,,,,,,,,,,,,,,,,,,,,,,,,,,,,,,,,,,,,,,,,,,,,,,,,,,,,,,,,,,,,,,,,,,161.79869650001638,161.80064612501883,161.80064612501883,162.29537341700052,169.01464150001993,,,,,,,,,,,,,,,,"['v', 'r', 'v', 'r', 'v', 'r', 'v', 'r', 'v', 'r', 'v', 'r', 'v', 'r', 'v', 'r', 'v', 'r', 'v', 'r', 'v', 'r', 'v', 'r', 'v', 'r', 'v', 'v', 'r', 'v', 'r', 'v', 'r', 'v', 'r', 'v', 'r', 'v', 'r', 'v', 'r', 'v', 'r', 'f', 'f', 'r', 'f']",0,"[0.03287766600260511, 0.08507299999473616, 0.17707312499987893, 0.25719466601731256, 0.3253224579966627, 0.4413090000161901, 0.018140667001716793, 0.3541962919989601, 0.3903835419914685, 0.5382145420007873, 0.5903304580133408, 0.7176696250098757, 0.8019560830143746, 0.9017260420077946, 0.9698189999908209, 1.069704166991869, 1.1378582080069464, 1.257950333005283, 1.3461348749988247, 1.4578861670161132, 1.5578316250175703, 1.6537765829998534, 1.7577340830175672, 1.8620739170000888, 1.9580478749994654, 2.0578457500087097, 2.14610491701751, 3.371609708003234, 3.483618792000925, 3.53973550000228, 3.663950832997216, 3.7437659580027685, 3.8517312920012046, 3.9396167499944568, 4.039602625009138, 4.111964292009361, 4.258981874998426, 4.279123792017344, 4.39815529200132, 4.485941999999341, 4.604526417009765, 4.672470916993916, 4.80735587500385, 4.839342708000913, 5.415473458007909, 5.697591125004692, 5.840468750015134]","[0.052195333992131054, 0.08390037500066683, 0.06787683299626224, 0.07196566698257811, 0.08763445800286718, 0.07155662498553284, 0.28030316601507366, 0.05201874999329448, 0.09577262500533834, 0.05626929100253619, 0.08389295899542049, 0.07625062498846091, 0.0758758339798078, 0.06809295798302628, 0.08003658300731331, 0.06403558302554302, 0.11212754200096242, 0.09206104199984111, 0.10775366699090227, 0.08394199999747798, 0.09594495798228309, 0.10819754199474119, 0.09224695898592472, 0.09597395799937658, 0.07978450000518933, 0.0761103330005426, 0.02372108298004605, 0.13630970899248496, 0.08413883301545866, 0.1279243330063764, 0.09167695901123807, 0.10796533399843611, 0.0962322500126902, 0.09998587501468137, 0.0921735419833567, 0.08789995798724703, 0.04816112501430325, 0.09607033297652379, 0.10007770798983984, 0.07216504201642238, 0.06794449998415075, 0.06419037500745617, 0.04030637501273304, 0.09609191698837094, 0.08766937500331551, 0.09180254201055504, 0.12441799999214709]",space,6.715121374989394,None,,,,,,,,,,,,,,,,,,,,,,,,,,,,,,,,,,,,,,,,,,,,,123,001,2025-05-10_13h52.27.660,OperationSpanTask,2024.2.4,60,2025-05-10 13h52.30.351451 -0700,
0,0,0,,,space,1.333297916018637,None,,,Block3.xlsx,Operation,2,( 3 + 6 ) × 4 = 36,right,P,None,right,1,0.0418979579990264,None,,,,,,,,0,0,0,0,,,,,,,,,,,,,0,2,2,2,0,0,0,0,,,,,,,,,,,,,,,,,,,,,,,,,,,,,,,,,171.5158360839996,,,,,,,,,,,,,,,,,,,,,,,,,,,171.51172141701682,171.81209516699892,171.81209516699892,171.864407459012,,,,,171.8656496250187,171.86906091700075,172.86391495901626,172.8679575000133,,,,,,,,,,,,,169.01488191701355,169.01695300001302,171.5158360839996,171.50141312502092,right,1,0.0418979579990264,None,,,,,,,,,,,,,,,,,,,,,,,,,,,,,,,,,,,,,,,,,,,,,,,,,,,,123,001,2025-05-10_13h52.27.660,OperationSpanTask,2024.2.4,60,2025-05-10 13h52.30.351451 -0700,
1,1,0,,,space,1.333297916018637,None,,,Block3.xlsx,Operation,2,( 5 - 1 ) × 1 = 6,left,R,"['p', 'r']",right,0,0.13248958298936486,None,,,,,,,,0,0,0,0,,,,,,,,,,,,,0,2,2,2,0,1,1,1,,,,,,,,,,,,,,,,,,,,,,,,,,,,,,,,,172.8679575000133,,,,,,,,,,,,,,,,,,,,,,,,,,,172.8659932500159,173.16185695902095,173.16185695902095,173.29774645902216,,,,,173.29916733401478,173.30139050001162,174.29731350002112,174.30104808401666,,,,,,,,,,,,,,,,,right,0,0.13248958298936486,None,,,,,,,,,,,,,,,,,,,,,,,,,,,,,,,,,,,,,,,,,,,,,,,,,,,,123,001,2025-05-10_13h52.27.660,OperationSpanTask,2024.2.4,60,2025-05-10 13h52.30.351451 -0700,
2,2,0,,,space,1.333297916018637,None,,,Block3.xlsx,,,,,,,,,,,"['f', 'r', 'f', 's', 'd', 'f', 's', 'd', 'f', 's']",0,"[1.3712150829960592, 1.4829947499965783, 1.5672523330140393, 1.6911300000210758, 1.7552057080029044, 1.823306667007273, 1.8990003330109175, 1.9190590830112342, 2.027077750011813, 2.099014833016554]","[0.11177966700051911, 0.09612241701688617, 0.12773995898896828, 0.11981674999697134, 0.07573658399633132, 0.08773737499723211, 0.11618462498881854, 0.1320742919924669, 0.09202183299930766, None]",space,2.1709342079993803,None,0,0,0,0,,,,,,,,,,,,,0,2,2,2,,,,,,,,,,,,,,,,,,,,,,,,,,,,,,,,,,,,,,,,,,,,,,,,,,,,,,,,,,,,,,,,,,,,,,,,,,,,174.29896241700044,174.30104808401666,174.30104808401666,174.78732083400246,176.96432829200057,,,,,,,,,,,,,,,,"['f', 'r', 'f', 's', 'd', 'f', 's', 'd', 'f', 's']",0,"[1.3712150829960592, 1.4829947499965783, 1.5672523330140393, 1.6911300000210758, 1.7552057080029044, 1.823306667007273, 1.8990003330109175, 1.9190590830112342, 2.027077750011813, 2.099014833016554]","[0.11177966700051911, 0.09612241701688617, 0.12773995898896828, 0.11981674999697134, 0.07573658399633132, 0.08773737499723211, 0.11618462498881854, 0.1320742919924669, 0.09202183299930766, None]",space,2.1709342079993803,None,,,,,,,,,,,,,,,,,,,,,,,,,,,,,,,,,,,,,,,,,,,,,123,001,2025-05-10_13h52.27.660,OperationSpanTask,2024.2.4,60,2025-05-10 13h52.30.351451 -0700,
0,0,0,,,space,1.333297916018637,None,,,Block1.xlsx,Operation,3,( 4 + 2 ) × 2 = 8,left,C,None,right,0,0.3901066249818541,None,,,,,,,,0,0,0,0,,,,,,,,,,,,,,,,,,,,,0,0,0,0,0,0,0,0,,,,,,,,,,,,,,,,,,,,,,,,,179.48075566699845,,,,,,,,,,,,,,,,,,,,,,,,,,,179.47906858401257,179.76206908401218,179.76206908401218,180.1643962500093,,,,,180.1668301250029,180.17000758400536,181.16411025001435,181.16896058400744,,,,,,,,,,,,,176.9690131249954,176.9725761669979,,179.46857445899514,,,,,,,,,,,,right,0,0.3901066249818541,None,,,,,,,,,,,,,,,,,,,,,,,,,,,,,,,,,,,,,,,,,123,001,2025-05-10_13h52.27.660,OperationSpanTask,2024.2.4,60,2025-05-10 13h52.30.351451 -0700,
1,1,0,,,space,1.333297916018637,None,,,Block1.xlsx,Operation,3,( 3 - 1 ) × 3 = 5,left,L,None,right,0,0.00512420799350366,None,,,,,,,,0,0,0,0,,,,,,,,,,,,,,,,,,,,,0,0,0,0,0,1,1,1,,,,,,,,,,,,,,,,,,,,,,,,,181.16896058400744,,,,,,,,,,,,,,,,,,,,,,,,,,,181.16624212500756,181.45319083399954,181.45319083399954,181.46432595900842,,,,,181.4657526249939,181.4691260420077,182.45444941701135,182.46206595900003,,,,,,,,,,,,,,,,,,,,,,,,,,,,right,0,0.00512420799350366,None,,,,,,,,,,,,,,,,,,,,,,,,,,,,,,,,,,,,,,,,,123,001,2025-05-10_13h52.27.660,OperationSpanTask,2024.2.4,60,2025-05-10 13h52.30.351451 -0700,
2,2,0,,,space,1.333297916018637,None,,,Block1.xlsx,Operation,3,( 5 - 1 ) × 5 = 20,right,G,"['c', 'l', 'g']",right,1,0.11328879199572839,None,,,,,,,,0,0,0,0,,,,,,,,,,,,,,,,,,,,,0,0,0,0,0,2,2,2,,,,,,,,,,,,,,,,,,,,,,,,,182.46206595900003,,,,,,,,,,,,,,,,,,,,,,,,,,,182.45771437502117,182.762961542001,182.762961542001,182.88437970899395,,,,,182.88684491699678,182.89552416701918,183.88065891701262,183.8839972919959,,,,,,,,,,,,,,,,,,,,,,,,,,,,right,1,0.11328879199572839,None,,,,,,,,,,,,,,,,,,,,,,,,,,,,,,,,,,,,,,,,,123,001,2025-05-10_13h52.27.660,OperationSpanTask,2024.2.4,60,2025-05-10 13h52.30.351451 -0700,
0,0,0,,,space,1.333297916018637,None,,,Block1.xlsx,,,,,,,,,,,"['d', 'f', 's', 'd', 'f', 'd', 's', 'f', 'd', 's', 'f', 's', 'd', 'g', 's']",0,"[0.14676949998829514, 0.4346670829982031, 0.5346975829743315, 0.5869449579913635, 0.6591490419814363, 0.7790172919922043, 0.782781582995085, 0.8628903329954483, 0.9749971249839291, 0.9788976669951808, 1.079047291976167, 1.1828073329816107, 1.198889749997761, 1.345881291985279, 1.406176249991404]","[0.23592154198559, 0.0640212089929264, 0.10817262501223013, 0.06779379199724644, 0.08763187500881031, 0.08792658298625611, 0.07204937498318031, 0.12017020900384523, 0.10768775001633912, 0.11189904098864645, 0.10798070800956339, 0.11598404200049117, 0.11221495797508396, 0.06418729099095799, 0.07977512499201111]",space,1.5138842499873135,None,0,0,0,0,,,,,,,,,,,,,,,,,,,,,0,0,0,0,,,,,,,,,,,,,,,,,,,,,,,,,,,,,,,,,,,,,,,,,,,,,,,,,,,,,,,,,,,,,,,,,,,,183.8822286670038,183.8839972919959,183.8839972919959,184.3822951670154,185.89775879200897,,,,,,,,,,,,,,,,,,,,,,,,,,,"['d', 'f', 's', 'd', 'f', 'd', 's', 'f', 'd', 's', 'f', 's', 'd', 'g', 's']",0,"[0.14676949998829514, 0.4346670829982031, 0.5346975829743315, 0.5869449579913635, 0.6591490419814363, 0.7790172919922043, 0.782781582995085, 0.8628903329954483, 0.9749971249839291, 0.9788976669951808, 1.079047291976167, 1.1828073329816107, 1.198889749997761, 1.345881291985279, 1.406176249991404]","[0.23592154198559, 0.0640212089929264, 0.10817262501223013, 0.06779379199724644, 0.08763187500881031, 0.08792658298625611, 0.07204937498318031, 0.12017020900384523, 0.10768775001633912, 0.11189904098864645, 0.10798070800956339, 0.11598404200049117, 0.11221495797508396, 0.06418729099095799, 0.07977512499201111]",space,1.5138842499873135,None,,,,,,,,,,,,,,,,,,,,,,,,,,,,,,,,,,123,001,2025-05-10_13h52.27.660,OperationSpanTask,2024.2.4,60,2025-05-10 13h52.30.351451 -0700,
0,0,0,,,space,1.333297916018637,None,,,Block2.xlsx,Operation,3,( 4 - 2 ) × 3 = 9,left,J,None,right,0,0.020683082984760404,None,,,,,,,,0,0,0,0,,,,,,,,,,,,,,,,,,,,,0,1,1,1,0,0,0,0,,,,,,,,,,,,,,,,,,,,,,,,,188.39818991700304,,,,,,,,,,,,,,,,,,,,,,,,,,,188.39560145902215,188.69540012499783,188.69540012499783,188.71799287499744,,,,,188.7203476249997,188.72883454200928,189.71394683400285,189.7179530840076,,,,,,,,,,,,,185.89797220900073,185.89977987500606,188.39818991700304,188.38428150000982,,,,,,,,,,,,right,0,0.020683082984760404,None,,,,,,,,,,,,,,,,,,,,,,,,,,,,,,,,,,,,,,,,,123,001,2025-05-10_13h52.27.660,OperationSpanTask,2024.2.4,60,2025-05-10 13h52.30.351451 -0700,
1,1,0,,,space,1.333297916018637,None,,,Block2.xlsx,Operation,3,( 3 + 8 ) × 5 = 53,left,M,None,right,0,0.007356749003520235,None,,,,,,,,0,0,0,0,,,,,,,,,,,,,,,,,,,,,0,1,1,1,0,1,1,1,,,,,,,,,,,,,,,,,,,,,,,,,189.7179530840076,,,,,,,,,,,,,,,,,,,,,,,,,,,189.7160768340109,190.0121267500217,190.0121267500217,190.0310620420205,,,,,190.03249583402066,190.03572687500855,191.03055162500823,191.035589334002,,,,,,,,,,,,,,,,,,,,,,,,,,,,right,0,0.007356749003520235,None,,,,,,,,,,,,,,,,,,,,,,,,,,,,,,,,,,,,,,,,,123,001,2025-05-10_13h52.27.660,OperationSpanTask,2024.2.4,60,2025-05-10 13h52.30.351451 -0700,
2,2,0,,,space,1.333297916018637,None,,,Block2.xlsx,Operation,3,( 4 + 7 ) × 2 = 22,right,B,"['j', 'm', 'b']",left,0,0.029564083000877872,None,,,,,,,,0,0,0,0,,,,,,,,,,,,,,,,,,,,,0,1,1,1,0,2,2,2,,,,,,,,,,,,,,,,,,,,,,,,,191.035589334002,,,,,,,,,,,,,,,,,,,,,,,,,,,191.03356337500736,191.32864983400214,191.32864983400214,191.36438216699753,,,,,191.36580575001426,191.36914975001127,192.36949845901108,,,,,,,,,,,,,,,,,,,,,,,,,,,,,left,0,0.029564083000877872,None,,,,,,,,,,,,,,,,,,,,,,,,,,,,,,,,,,,,,,,,,123,001,2025-05-10_13h52.27.660,OperationSpanTask,2024.2.4,60,2025-05-10 13h52.30.351451 -0700,
1,1,0,,,space,1.333297916018637,None,,,Block2.xlsx,,,,,,,,,,,"['s', 'c', 's', 'd', 'f', 'f', 's', 'd']",0,"[1.3042304160189815, 1.4439659159979783, 1.5274661240109708, 1.535547083010897, 1.6076292910147458, 1.7995248740189709, 1.9274603330122773, 1.9435330830165185]","[0.12777687498601153, 0.05610725001315586, 0.09625400000368245, 0.08817304100375623, 0.11620116699486971, 0.132042791985441, None, None]",space,1.9997396660037339,None,0,0,0,0,,,,,,,,,,,,,,,,,,,,,0,1,1,1,,,,,,,,,,,,,,,,,,,,,,,,,,,,,,,,,,,,,,,,,,,,,,,,,,,,,,,,,,,,,,,,,,,,192.37123533399426,192.37873712502187,192.37873712502187,192.8536711250199,194.86446970902034,,,,,,,,,,,,,,,,,,,,,,,,,,,"['s', 'c', 's', 'd', 'f', 'f', 's', 'd']",0,"[1.3042304160189815, 1.4439659159979783, 1.5274661240109708, 1.535547083010897, 1.6076292910147458, 1.7995248740189709, 1.9274603330122773, 1.9435330830165185]","[0.12777687498601153, 0.05610725001315586, 0.09625400000368245, 0.08817304100375623, 0.11620116699486971, 0.132042791985441, None, None]",space,1.9997396660037339,None,,,,,,,,,,,,,,,,,,,,,,,,,,,,,,,,,,123,001,2025-05-10_13h52.27.660,OperationSpanTask,2024.2.4,60,2025-05-10 13h52.30.351451 -0700,
0,0,0,,,space,1.333297916018637,None,,,Block3.xlsx,Operation,3,( 3 + 6 ) × 5 = 43,right,Z,None,left,0,0.017691167013254017,None,,,,,,,,0,0,0,0,,,,,,,,,,,,,,,,,,,,,0,2,2,2,0,0,0,0,,,,,,,,,,,,,,,,,,,,,,,,,197.38222216701251,,,,,,,,,,,,,,,,,,,,,,,,,,,197.3767047090223,197.66204170900164,197.66204170900164,197.6811058750027,,,,,197.68347041701782,197.68554529201356,198.6807757920178,198.68482183400192,,,,,,,,,,,,,194.8646749590116,194.8680334170058,,197.36701616700157,,,,,,,,,,,,left,0,0.017691167013254017,None,,,,,,,,,,,,,,,,,,,,,,,,,,,,,,,,,,,,,,,,,123,001,2025-05-10_13h52.27.660,OperationSpanTask,2024.2.4,60,2025-05-10 13h52.30.351451 -0700,
1,1,0,,,space,1.333297916018637,None,,,Block3.xlsx,Operation,3,( 6 - 1 ) × 3 = 19,right,F,None,left,0,0.19439366599544883,None,,,,,,,,0,0,0,0,,,,,,,,,,,,,,,,,,,,,0,2,2,2,0,1,1,1,,,,,,,,,,,,,,,,,,,,,,,,,198.68482183400192,,,,,,,,,,,,,,,,,,,,,,,,,,,198.68295487499563,198.98151054201298,198.98151054201298,199.1856545000046,,,,,199.18708766700001,199.19058641701122,200.180719416996,200.18499379200512,,,,,,,,,,,,,,,,,,,,,,,,,,,,left,0,0.19439366599544883,None,,,,,,,,,,,,,,,,,,,,,,,,,,,,,,,,,,,,,,,,,123,001,2025-05-10_13h52.27.660,OperationSpanTask,2024.2.4,60,2025-05-10 13h52.30.351451 -0700,
2,2,0,,,space,1.333297916018637,None,,,Block3.xlsx,Operation,3,( 4 + 2 ) × 4 = 23,right,T,"['z', 'f', 't']",left,0,0.07068724901182577,None,,,,,,,,0,0,0,0,,,,,,,,,,,,,,,,,,,,,0,2,2,2,0,2,2,2,,,,,,,,,,,,,,,,,,,,,,,,,200.18499379200512,,,,,,,,,,,,,,,,,,,,,,,,,,,200.18302387499716,200.48804925000877,200.48804925000877,200.56446629200946,,,,,200.56571920900024,200.56900558399502,201.55505612501292,201.56222166700172,,,,,,,,,,,,,,,,,,,,,,,,,,,,left,0,0.07068724901182577,None,,,,,,,,,,,,,,,,,,,,,,,,,,,,,,,,,,,,,,,,,123,001,2025-05-10_13h52.27.660,OperationSpanTask,2024.2.4,60,2025-05-10 13h52.30.351451 -0700,
2,2,0,,,space,1.333297916018637,None,,,Block3.xlsx,,,,,,,,,,,"['f', 's', 'd', 'f', 'd', 's', 'f', 's']",0,"[1.1325745830254164, 1.252351417002501, 1.2563580420101061, 1.3326041250256822, 1.4404003330273554, 1.4523838330060244, 1.5563712920120452, 1.6608507500204723]","[0.12378345898468979, 0.1001373750041239, 0.11210175001178868, 0.11191620799945667, 0.13207037499523722, 0.12008687501656823, 0.12414620799245313, None]",space,1.7807168330182321,None,0,0,0,0,,,,,,,,,,,,,,,,,,,,,0,2,2,2,,,,,,,,,,,,,,,,,,,,,,,,,,,,,,,,,,,,,,,,,,,,,,,,,,,,,,,,,,,,,,,,,,,,201.5569063340081,201.56222166700172,201.56222166700172,202.06237354199402,203.84772120902198,,,,,,,,,,,,,,,,,,,,,,,,,,,"['f', 's', 'd', 'f', 'd', 's', 'f', 's']",0,"[1.1325745830254164, 1.252351417002501, 1.2563580420101061, 1.3326041250256822, 1.4404003330273554, 1.4523838330060244, 1.5563712920120452, 1.6608507500204723]","[0.12378345898468979, 0.1001373750041239, 0.11210175001178868, 0.11191620799945667, 0.13207037499523722, 0.12008687501656823, 0.12414620799245313, None]",space,1.7807168330182321,None,,,,,,,,,,,,,,,,,,,,,,,,,,,,,,,,,,123,001,2025-05-10_13h52.27.660,OperationSpanTask,2024.2.4,60,2025-05-10 13h52.30.351451 -0700,
0,0,0,,,space,1.333297916018637,None,,,Block1.xlsx,Operation,4,( 6 + 2 ) × 1 = 8,right,D,None,left,0,0.11024258300312795,None,,,,,,,,0,0,0,0,,,,,,,,,,,,,,,,,,,,,,,,,,,,,0,0,0,0,0,0,0,0,,,,,,,,,,,,,,,,,206.36232583399396,,,,,,,,,,,,,,,,,,,,,,,,,,,206.36023074999684,206.645364875003,206.645364875003,206.7666443750204,,,,,206.76804645900847,206.77148520899937,207.76458550000098,207.76916349999374,,,,,,,,,,,,,203.85215370901278,203.85640745901037,,206.3510093750083,,,,,,,,,,,,,,,,,,,,,,,left,0,0.11024258300312795,None,,,,,,,,,,,,,,,,,,,,,,,,,,,,,,123,001,2025-05-10_13h52.27.660,OperationSpanTask,2024.2.4,60,2025-05-10 13h52.30.351451 -0700,
1,1,0,,,space,1.333297916018637,None,,,Block1.xlsx,Operation,4,( 4 - 3 ) × 5 = 5,left,V,None,left,1,0.020986499002901837,None,,,,,,,,0,0,0,0,,,,,,,,,,,,,,,,,,,,,,,,,,,,,0,0,0,0,0,1,1,1,,,,,,,,,,,,,,,,,207.76916349999374,,,,,,,,,,,,,,,,,,,,,,,,,,,207.76665975002106,208.0620547500148,208.0620547500148,208.08449504201417,,,,,208.0859142919944,208.0954474589962,209.0812643750105,209.08565579200513,,,,,,,,,,,,,,,,,,,,,,,,,,,,,,,,,,,,,,,left,1,0.020986499002901837,None,,,,,,,,,,,,,,,,,,,,,,,,,,,,,,123,001,2025-05-10_13h52.27.660,OperationSpanTask,2024.2.4,60,2025-05-10 13h52.30.351451 -0700,
2,2,0,,,space,1.333297916018637,None,,,Block1.xlsx,Operation,4,( 3 - 1 ) × 5 = 10,left,M,None,right,0,0.0011745410156436265,None,,,,,,,,0,0,0,0,,,,,,,,,,,,,,,,,,,,,,,,,,,,,0,0,0,0,0,2,2,2,,,,,,,,,,,,,,,,,209.08565579200513,,,,,,,,,,,,,,,,,,,,,,,,,,,209.08337766700424,209.3871482090035,209.3871482090035,209.38950141699752,,,,,209.39113400000497,209.3951721250196,210.3827416250133,210.38676725002006,,,,,,,,,,,,,,,,,,,,,,,,,,,,,,,,,,,,,,,right,0,0.0011745410156436265,None,,,,,,,,,,,,,,,,,,,,,,,,,,,,,,123,001,2025-05-10_13h52.27.660,OperationSpanTask,2024.2.4,60,2025-05-10 13h52.30.351451 -0700,
3,3,0,,,space,1.333297916018637,None,,,Block1.xlsx,Operation,4,( 6 - 1 ) × 1 = 6,left,P,"['d', 'v', 'm', 'p']",right,0,0.1981073750066571,None,,,,,,,,0,0,0,0,,,,,,,,,,,,,,,,,,,,,,,,,,,,,0,0,0,0,0,3,3,3,,,,,,,,,,,,,,,,,210.38676725002006,,,,,,,,,,,,,,,,,,,,,,,,,,,210.38488258401048,210.68477424999583,210.68477424999583,210.88698370900238,,,,,210.8883465420222,210.89533879200462,211.88064862499596,211.88432695899974,,,,,,,,,,,,,,,,,,,,,,,,,,,,,,,,,,,,,,,right,0,0.1981073750066571,None,,,,,,,,,,,,,,,,,,,,,,,,,,,,,,123,001,2025-05-10_13h52.27.660,OperationSpanTask,2024.2.4,60,2025-05-10 13h52.30.351451 -0700,
0,0,0,,,space,1.333297916018637,None,,,Block1.xlsx,,,,,,,,,,,"['j', 'k', 'h', 'j', 'g', 'g', 'g', 'j', 'g']",0,"[1.7800964169728104, 1.79624004199286, 1.9340707919909619, 1.9383184999751393, 2.126247791980859, 2.2735029999748804, 2.442537791997893, 2.4824533329810947, 2.6041782919783145]","[0.06773025001166388, 0.03973029099870473, 0.06411074998322874, 0.06398908302071504, 0.01967516599688679, 0.04380879201926291, 0.07570274997851811, 0.028239875013241544, 0.10005916599766351]",space,2.7121379579766653,None,0,0,0,0,,,,,,,,,,,,,,,,,,,,,,,,,,,,,0,0,0,0,,,,,,,,,,,,,,,,,,,,,,,,,,,,,,,,,,,,,,,,,,,,,,,,,,,,,,,,,,,,211.88233737502014,211.88432695899974,211.88432695899974,212.3822383340157,215.09794441700797,,,,,,,,,,,,,,,,,,,,,,,,,,,,,,,,,,,,,,"['j', 'k', 'h', 'j', 'g', 'g', 'g', 'j', 'g']",0,"[1.7800964169728104, 1.79624004199286, 1.9340707919909619, 1.9383184999751393, 2.126247791980859, 2.2735029999748804, 2.442537791997893, 2.4824533329810947, 2.6041782919783145]","[0.06773025001166388, 0.03973029099870473, 0.06411074998322874, 0.06398908302071504, 0.01967516599688679, 0.04380879201926291, 0.07570274997851811, 0.028239875013241544, 0.10005916599766351]",space,2.7121379579766653,None,,,,,,,,,,,,,,,,,,,,,,,123,001,2025-05-10_13h52.27.660,OperationSpanTask,2024.2.4,60,2025-05-10 13h52.30.351451 -0700,
0,0,0,,,space,1.333297916018637,None,,,Block2.xlsx,Operation,4,( 3 - 2 ) × 1 = 1,right,G,None,right,1,0.07204300002194941,None,,,,,,,,0,0,0,0,,,,,,,,,,,,,,,,,,,,,,,,,,,,,0,1,1,1,0,0,0,0,,,,,,,,,,,,,,,,,217.6091406250198,,,,,,,,,,,,,,,,,,,,,,,,,,,217.6071548339969,217.8954144169984,217.8954144169984,217.98105687499628,,,,,217.9823628750164,217.98576504201628,218.98073537502205,218.9848422500072,,,,,,,,,,,,,215.09815333399456,215.10081933400943,217.6091406250198,217.5972844590142,,,,,,,,,,,,,,,,,,,,,,,right,1,0.07204300002194941,None,,,,,,,,,,,,,,,,,,,,,,,,,,,,,,123,001,2025-05-10_13h52.27.660,OperationSpanTask,2024.2.4,60,2025-05-10 13h52.30.351451 -0700,
1,1,0,,,space,1.333297916018637,None,,,Block2.xlsx,Operation,4,( 4 + 9 ) × 2 = 26,right,B,None,right,1,0.060811165982158855,None,,,,,,,,0,0,0,0,,,,,,,,,,,,,,,,,,,,,,,,,,,,,0,1,1,1,0,1,1,1,,,,,,,,,,,,,,,,,218.9848422500072,,,,,,,,,,,,,,,,,,,,,,,,,,,218.98296870899503,219.28004787501413,219.28004787501413,219.35327466699528,,,,,219.35477337500197,219.3618282499956,220.3473560840066,220.35131175001152,,,,,,,,,,,,,,,,,,,,,,,,,,,,,,,,,,,,,,,right,1,0.060811165982158855,None,,,,,,,,,,,,,,,,,,,,,,,,,,,,,,123,001,2025-05-10_13h52.27.660,OperationSpanTask,2024.2.4,60,2025-05-10 13h52.30.351451 -0700,
2,2,0,,,space,1.333297916018637,None,,,Block2.xlsx,Operation,4,( 3 + 9 ) × 1 = 12,right,Q,None,left,0,0.1768902909825556,None,,,,,,,,0,0,0,0,,,,,,,,,,,,,,,,,,,,,,,,,,,,,0,1,1,1,0,2,2,2,,,,,,,,,,,,,,,,,220.35131175001152,,,,,,,,,,,,,,,,,,,,,,,,,,,220.34945583401714,220.64930820901645,220.64930820901645,220.8310360420146,,,,,220.83331258399994,220.83646412499365,221.830710750015,221.83469816701836,,,,,,,,,,,,,,,,,,,,,,,,,,,,,,,,,,,,,,,left,0,0.1768902909825556,None,,,,,,,,,,,,,,,,,,,,,,,,,,,,,,123,001,2025-05-10_13h52.27.660,OperationSpanTask,2024.2.4,60,2025-05-10 13h52.30.351451 -0700,
3,3,0,,,space,1.333297916018637,None,,,Block2.xlsx,Operation,4,( 6 + 2 ) × 2 = 16,right,R,"['g', 'b', 'q', 'r']",left,0,0.13364649898721837,None,,,,,,,,0,0,0,0,,,,,,,,,,,,,,,,,,,,,,,,,,,,,0,1,1,1,0,3,3,3,,,,,,,,,,,,,,,,,221.83469816701836,,,,,,,,,,,,,,,,,,,,,,,,,,,221.83282650000183,222.11752620901098,222.11752620901098,222.25497383400216,,,,,222.25646475001122,222.26192775001982,223.24780616699718,223.2521705420222,,,,,,,,,,,,,,,,,,,,,,,,,,,,,,,,,,,,,,,left,0,0.13364649898721837,None,,,,,,,,,,,,,,,,,,,,,,,,,,,,,,123,001,2025-05-10_13h52.27.660,OperationSpanTask,2024.2.4,60,2025-05-10 13h52.30.351451 -0700,
1,1,0,,,space,1.333297916018637,None,,,Block2.xlsx,,,,,,,,,,,"['h', 'j', 'v', 'h', 'j', 'f', 'k']",0,"[1.356481625000015, 1.3643698329979088, 1.3643698329979088, 1.4995837080059573, 1.5158269579987973, 1.6768666669959202, 1.8934479170129634]","[0.05605437498888932, 0.028050416993210092, 0.03212541699758731, 0.07227787500596605, 0.05184012500103563, 0.07167241600109264, None]",space,1.973468167008832,None,0,0,0,0,,,,,,,,,,,,,,,,,,,,,,,,,,,,,0,1,1,1,,,,,,,,,,,,,,,,,,,,,,,,,,,,,,,,,,,,,,,,,,,,,,,,,,,,,,,,,,,,223.24953520900453,223.2521705420222,223.2521705420222,223.74897533401963,225.73106708400883,,,,,,,,,,,,,,,,,,,,,,,,,,,,,,,,,,,,,,"['h', 'j', 'v', 'h', 'j', 'f', 'k']",0,"[1.356481625000015, 1.3643698329979088, 1.3643698329979088, 1.4995837080059573, 1.5158269579987973, 1.6768666669959202, 1.8934479170129634]","[0.05605437498888932, 0.028050416993210092, 0.03212541699758731, 0.07227787500596605, 0.05184012500103563, 0.07167241600109264, None]",space,1.973468167008832,None,,,,,,,,,,,,,,,,,,,,,,,123,001,2025-05-10_13h52.27.660,OperationSpanTask,2024.2.4,60,2025-05-10 13h52.30.351451 -0700,
0,0,0,,,space,1.333297916018637,None,,,Block3.xlsx,Operation,4,( 4 + 8 ) × 1 = 11,right,S,None,left,0,0.14641808299347758,None,,,,,,,,0,0,0,0,,,,,,,,,,,,,,,,,,,,,,,,,,,,,0,2,2,2,0,0,0,0,,,,,,,,,,,,,,,,,228.2427412920224,,,,,,,,,,,,,,,,,,,,,,,,,,,228.24064062500838,228.53029145899927,228.53029145899927,228.68435320901335,,,,,228.68577858401113,228.69546499999706,229.68104600001243,229.6850583339983,,,,,,,,,,,,,225.73130270899856,225.73471225000685,228.2427412920224,228.23086737500853,,,,,,,,,,,,,,,,,,,,,,,left,0,0.14641808299347758,None,,,,,,,,,,,,,,,,,,,,,,,,,,,,,,123,001,2025-05-10_13h52.27.660,OperationSpanTask,2024.2.4,60,2025-05-10 13h52.30.351451 -0700,
1,1,0,,,space,1.333297916018637,None,,,Block3.xlsx,Operation,4,( 3 - 2 ) × 1 = 4,right,J,None,left,0,0.06896825000876561,None,,,,,,,,0,0,0,0,,,,,,,,,,,,,,,,,,,,,,,,,,,,,0,2,2,2,0,1,1,1,,,,,,,,,,,,,,,,,229.6850583339983,,,,,,,,,,,,,,,,,,,,,,,,,,,229.68307724999613,229.98642595901038,229.98642595901038,230.06441350001842,,,,,230.06567420900683,230.06899183400674,231.0678105840052,,,,,,,,,,,,,,,,,,,,,,,,,,,,,,,,,,,,,,,,left,0,0.06896825000876561,None,,,,,,,,,,,,,,,,,,,,,,,,,,,,,,123,001,2025-05-10_13h52.27.660,OperationSpanTask,2024.2.4,60,2025-05-10 13h52.30.351451 -0700,
2,2,0,,,space,1.333297916018637,None,,,Block3.xlsx,Operation,4,( 1 + 4 ) × 2 = 10,right,N,None,left,0,0.013240458007203415,None,,,,,,,,0,0,0,0,,,,,,,,,,,,,,,,,,,,,,,,,,,,,0,2,2,2,0,2,2,2,,,,,,,,,,,,,,,,,231.07886387500912,,,,,,,,,,,,,,,,,,,,,,,,,,,231.06985279201763,231.36356962501304,231.36356962501304,231.38105658401037,,,,,231.38230983400717,231.38449995900737,232.37039020902012,232.37878341702162,,,,,,,,,,,,,,,,,,,,,,,,,,,,,,,,,,,,,,,left,0,0.013240458007203415,None,,,,,,,,,,,,,,,,,,,,,,,,,,,,,,123,001,2025-05-10_13h52.27.660,OperationSpanTask,2024.2.4,60,2025-05-10 13h52.30.351451 -0700,
3,3,0,,,space,1.333297916018637,None,,,Block3.xlsx,Operation,4,( 3 + 7 ) × 1 = 10,left,T,"['s', 'j', 'n', 't']",left,1,0.07635520800249651,None,,,,,,,,0,0,0,0,,,,,,,,,,,,,,,,,,,,,,,,,,,,,0,2,2,2,0,3,3,3,,,,,,,,,,,,,,,,,232.37878341702162,,,,,,,,,,,,,,,,,,,,,,,,,,,232.37259791701217,232.68079320900142,232.68079320900142,232.76454045900027,,,,,232.76598858399666,232.76933454201207,233.7675309170154,,,,,,,,,,,,,,,,,,,,,,,,,,,,,,,,,,,,,,,,left,1,0.07635520800249651,None,,,,,,,,,,,,,,,,,,,,,,,,,,,,,,123,001,2025-05-10_13h52.27.660,OperationSpanTask,2024.2.4,60,2025-05-10 13h52.30.351451 -0700,
2,2,0,,,space,1.333297916018637,None,,,Block3.xlsx,,,,,,,,,,,"['g', 'f', 'h', 'j', 'k', 'l']",0,"[1.530571790994145, 1.59075462500914, 1.6305120409815572, 1.7506718329968862, 1.8228264579956885, 1.8867400829913095]","[0.2680464590084739, 0.13615991600090638, 0.2284726670186501, 0.1799878329911735, 0.1479441669944208, 0.08403054199879989]",space,2.080509749997873,None,0,0,0,0,,,,,,,,,,,,,,,,,,,,,,,,,,,,,0,2,2,2,,,,,,,,,,,,,,,,,,,,,,,,,,,,,,,,,,,,,,,,,,,,,,,,,,,,,,,,,,,,233.76943291700445,233.77149658399867,233.77149658399867,234.25138191701262,236.33461258400348,,,,,,,,,,,,,,,,,,,,,,,,,,,,,,,,,,,,,,"['g', 'f', 'h', 'j', 'k', 'l']",0,"[1.530571790994145, 1.59075462500914, 1.6305120409815572, 1.7506718329968862, 1.8228264579956885, 1.8867400829913095]","[0.2680464590084739, 0.13615991600090638, 0.2284726670186501, 0.1799878329911735, 0.1479441669944208, 0.08403054199879989]",space,2.080509749997873,None,,,,,,,,,,,,,,,,,,,,,,,123,001,2025-05-10_13h52.27.660,OperationSpanTask,2024.2.4,60,2025-05-10 13h52.30.351451 -0700,
0,0,0,,,space,1.333297916018637,None,,,Block1.xlsx,Operation,5,( 5 - 2 ) × 3 = 9,right,L,None,left,0,1.3986366669996642,None,,,,,,,,0,0,0,0,,,,,,,,,,,,,,,,,,,,,,,,,,,,,,,,,,,,,0,0,0,0,0,0,0,0,,,,,,,,,238.84197999999742,,,,,,,,,,,,,,,,,,,,,,,,,,,238.8397907920007,239.12871354201343,239.12871354201343,240.53125137501047,,,,,240.53264208399924,240.53602529200725,241.52231520900386,241.52850566699635,,,,,,,,,,,,,236.3395073749998,236.34526241701678,238.84197999999742,238.83064729199396,,,,,,,,,,,,,,,,,,,,,,,,,,,,,,,,,,left,0,1.3986366669996642,None,,,,,,,,,,,,,,,,,,,123,001,2025-05-10_13h52.27.660,OperationSpanTask,2024.2.4,60,2025-05-10 13h52.30.351451 -0700,
1,1,0,,,space,1.333297916018637,None,,,Block1.xlsx,Operation,5,( 3 + 2 ) × 1 = 5,right,V,None,right,1,0.10280445800162852,None,,,,,,,,0,0,0,0,,,,,,,,,,,,,,,,,,,,,,,,,,,,,,,,,,,,,0,0,0,0,0,1,1,1,,,,,,,,,241.52850566699635,,,,,,,,,,,,,,,,,,,,,,,,,,,241.52467412501574,241.82875558402156,241.82875558402156,241.93293766700663,,,,,241.93455616701976,241.93869183401694,242.93426712500514,,,,,,,,,,,,,,,,,,,,,,,,,,,,,,,,,,,,,,,,,,,,,,,,,,,right,1,0.10280445800162852,None,,,,,,,,,,,,,,,,,,,123,001,2025-05-10_13h52.27.660,OperationSpanTask,2024.2.4,60,2025-05-10 13h52.30.351451 -0700,
2,2,0,,,space,1.333297916018637,None,,,Block1.xlsx,Operation,5,( 3 + 9 ) × 3 = 36,right,X,None,left,0,0.024082832998828962,None,,,,,,,,0,0,0,0,,,,,,,,,,,,,,,,,,,,,,,,,,,,,,,,,,,,,0,0,0,0,0,2,2,2,,,,,,,,,242.94547191701713,,,,,,,,,,,,,,,,,,,,,,,,,,,242.93663212499814,243.22873020899715,243.22873020899715,243.2568293340155,,,,,243.25816187501187,243.2619789169985,244.24786733399378,244.25224658401567,,,,,,,,,,,,,,,,,,,,,,,,,,,,,,,,,,,,,,,,,,,,,,,,,,left,0,0.024082832998828962,None,,,,,,,,,,,,,,,,,,,123,001,2025-05-10_13h52.27.660,OperationSpanTask,2024.2.4,60,2025-05-10 13h52.30.351451 -0700,
3,3,0,,,space,1.333297916018637,None,,,Block1.xlsx,Operation,5,( 5 + 3 ) × 1 = 8,right,P,None,left,0,0.05707437399541959,None,,,,,,,,0,0,0,0,,,,,,,,,,,,,,,,,,,,,,,,,,,,,,,,,,,,,0,0,0,0,0,3,3,3,,,,,,,,,244.25224658401567,,,,,,,,,,,,,,,,,,,,,,,,,,,244.24994366700412,244.55447475000983,244.55447475000983,244.61740812502103,,,,,244.61868337501073,244.6287519170146,245.61776141700102,,,,,,,,,,,,,,,,,,,,,,,,,,,,,,,,,,,,,,,,,,,,,,,,,,,left,0,0.05707437399541959,None,,,,,,,,,,,,,,,,,,,123,001,2025-05-10_13h52.27.660,OperationSpanTask,2024.2.4,60,2025-05-10 13h52.30.351451 -0700,
4,4,0,,,space,1.333297916018637,None,,,Block1.xlsx,Operation,5,( 3 + 2 ) × 2 = 11,left,C,"['l', 'v', 'x', 'p', 'c']",left,1,4.972211707994575,None,,,,,,,,0,0,0,0,,,,,,,,,,,,,,,,,,,,,,,,,,,,,,,,,,,,,0,0,0,0,0,4,4,4,,,,,,,,,245.62228583401884,,,,,,,,,,,,,,,,,,,,,,,,,,,245.6202495000034,245.93083275001845,245.93083275001845,250.91453458400792,,,,,250.91579145900323,250.91921404202003,251.91691241701483,,,,,,,,,,,,,,,,,,,,,,,,,,,,,,,,,,,,,,,,,,,,,,,,,,,left,1,4.972211707994575,None,,,,,,,,,,,,,,,,,,,123,001,2025-05-10_13h52.27.660,OperationSpanTask,2024.2.4,60,2025-05-10 13h52.30.351451 -0700,
0,0,0,,,space,1.333297916018637,None,,,Block1.xlsx,,,,,,,,,,,"['d', 'f', 'g', 'h', 'j', 'k', 'l']",0,"[0.5406574579828884, 0.6445048750028946, 0.6925100410007872, 0.7406702080043033, 0.7764616659842432, 0.8166290829831269, 0.8605903330026194]","[0.1038474170200061, 0.052106540999375284, 0.04816016700351611, 0.03996737499255687, 0.0445002090127673, 0.04810783301945776, 0.0839294999896083]",space,1.0730672499921639,None,0,0,0,0,,,,,,,,,,,,,,,,,,,,,,,,,,,,,,,,,,,,,0,0,0,0,,,,,,,,,,,,,,,,,,,,,,,,,,,,,,,,,,,,,,,,,,,,,,,,,,,,251.9189569170121,251.9212882090069,251.9212882090069,252.40447079201113,253.48121741702198,,,,,,,,,,,,,,,,,,,,,,,,,,,,,,,,,,,,,,,,,,,,,,,,,"['d', 'f', 'g', 'h', 'j', 'k', 'l']",0,"[0.5406574579828884, 0.6445048750028946, 0.6925100410007872, 0.7406702080043033, 0.7764616659842432, 0.8166290829831269, 0.8605903330026194]","[0.1038474170200061, 0.052106540999375284, 0.04816016700351611, 0.03996737499255687, 0.0445002090127673, 0.04810783301945776, 0.0839294999896083]",space,1.0730672499921639,None,,,,,,,,,,,,123,001,2025-05-10_13h52.27.660,OperationSpanTask,2024.2.4,60,2025-05-10 13h52.30.351451 -0700,
0,0,0,,,space,1.333297916018637,None,,,Block2.xlsx,Operation,5,( 5 + 3 ) × 2 = 20,left,R,None,left,1,0.05508508300408721,None,,,,,,,,0,0,0,0,,,,,,,,,,,,,,,,,,,,,,,,,,,,,,,,,,,,,0,1,1,1,0,0,0,0,,,,,,,,,255.98281166699599,,,,,,,,,,,,,,,,,,,,,,,,,,,255.9810684590193,256.27885050000623,256.27885050000623,256.33487525000237,,,,,256.33631558401976,256.34552575001726,257.3350411670108,,,,,,,,,,,,,,253.48142374999588,253.48324245901313,255.98281166699599,255.9706503750058,,,,,,,,,,,,,,,,,,,,,,,,,,,,,,,,,,left,1,0.05508508300408721,None,,,,,,,,,,,,,,,,,,,123,001,2025-05-10_13h52.27.660,OperationSpanTask,2024.2.4,60,2025-05-10 13h52.30.351451 -0700,
1,1,0,,,space,1.333297916018637,None,,,Block2.xlsx,Operation,5,( 4 - 2 ) × 4 = 8,right,M,None,left,0,0.2114052489923779,None,,,,,,,,0,0,0,0,,,,,,,,,,,,,,,,,,,,,,,,,,,,,,,,,,,,,0,1,1,1,0,1,1,1,,,,,,,,,257.3455191249959,,,,,,,,,,,,,,,,,,,,,,,,,,,257.33726479200413,257.6472171670175,257.6472171670175,257.86825070899795,,,,,257.86991512501845,257.87893345899647,258.8680279170221,258.87209191700094,,,,,,,,,,,,,,,,,,,,,,,,,,,,,,,,,,,,,,,,,,,,,,,,,,left,0,0.2114052489923779,None,,,,,,,,,,,,,,,,,,,123,001,2025-05-10_13h52.27.660,OperationSpanTask,2024.2.4,60,2025-05-10 13h52.30.351451 -0700,
2,2,0,,,space,1.333297916018637,None,,,Block2.xlsx,Operation,5,( 4 + 8 ) × 4 = 48,right,T,None,left,0,0.05346849901252426,None,,,,,,,,0,0,0,0,,,,,,,,,,,,,,,,,,,,,,,,,,,,,,,,,,,,,0,1,1,1,0,2,2,2,,,,,,,,,258.87209191700094,,,,,,,,,,,,,,,,,,,,,,,,,,,258.87020604201825,259.166085667006,259.166085667006,259.22389141700114,,,,,259.2251586250204,259.22891725000227,260.21412462499575,260.2181680840149,,,,,,,,,,,,,,,,,,,,,,,,,,,,,,,,,,,,,,,,,,,,,,,,,,left,0,0.05346849901252426,None,,,,,,,,,,,,,,,,,,,123,001,2025-05-10_13h52.27.660,OperationSpanTask,2024.2.4,60,2025-05-10 13h52.30.351451 -0700,
3,3,0,,,space,1.333297916018637,None,,,Block2.xlsx,Operation,5,( 5 - 5 ) × 3 = 4,left,Z,None,left,1,0.1088793329836335,None,,,,,,,,0,0,0,0,,,,,,,,,,,,,,,,,,,,,,,,,,,,,,,,,,,,,0,1,1,1,0,3,3,3,,,,,,,,,260.2181680840149,,,,,,,,,,,,,,,,,,,,,,,,,,,260.2161647500179,260.51580495899543,260.51580495899543,260.6350908750028,,,,,260.6363828750036,260.64560316700954,261.6307514999935,261.6346572920156,,,,,,,,,,,,,,,,,,,,,,,,,,,,,,,,,,,,,,,,,,,,,,,,,,left,1,0.1088793329836335,None,,,,,,,,,,,,,,,,,,,123,001,2025-05-10_13h52.27.660,OperationSpanTask,2024.2.4,60,2025-05-10 13h52.30.351451 -0700,
4,4,0,,,space,1.333297916018637,None,,,Block2.xlsx,Operation,5,( 3 - 2 ) × 4 = 6,left,B,"['r', 'm', 't', 'z', 'b']",left,1,0.07930633300566114,None,,,,,,,,0,0,0,0,,,,,,,,,,,,,,,,,,,,,,,,,,,,,,,,,,,,,0,1,1,1,0,4,4,4,,,,,,,,,261.6346572920156,,,,,,,,,,,,,,,,,,,,,,,,,,,261.6328029590077,261.92873737501213,261.92873737501213,262.01732691700454,,,,,262.0186340000073,262.02215383399744,263.01468000002205,263.0188250840001,,,,,,,,,,,,,,,,,,,,,,,,,,,,,,,,,,,,,,,,,,,,,,,,,,left,1,0.07930633300566114,None,,,,,,,,,,,,,,,,,,,123,001,2025-05-10_13h52.27.660,OperationSpanTask,2024.2.4,60,2025-05-10 13h52.30.351451 -0700,
1,1,0,,,space,1.333297916018637,None,,,Block2.xlsx,,,,,,,,,,,"['d', 'f', 'g', 'h', 'j', 'k', 'l']",0,"[1.6162743330060039, 1.6443542500201147, 1.6804667499964125, 1.7201613330107648, 1.7561807080055587, 1.7964568750176113, 1.8402029999997467]","[0.016207250009756535, 0.03611249997629784, 0.03969458301435225, 0.03601937499479391, 0.04027616701205261, 0.04813995800213888, 0.072314874996664]",space,2.086114958015969,None,0,0,0,0,,,,,,,,,,,,,,,,,,,,,,,,,,,,,,,,,,,,,0,1,1,1,,,,,,,,,,,,,,,,,,,,,,,,,,,,,,,,,,,,,,,,,,,,,,,,,,,,263.01675091701327,263.0188250840001,263.0188250840001,263.5120282499993,265.60139454199816,,,,,,,,,,,,,,,,,,,,,,,,,,,,,,,,,,,,,,,,,,,,,,,,,"['d', 'f', 'g', 'h', 'j', 'k', 'l']",0,"[1.6162743330060039, 1.6443542500201147, 1.6804667499964125, 1.7201613330107648, 1.7561807080055587, 1.7964568750176113, 1.8402029999997467]","[0.016207250009756535, 0.03611249997629784, 0.03969458301435225, 0.03601937499479391, 0.04027616701205261, 0.04813995800213888, 0.072314874996664]",space,2.086114958015969,None,,,,,,,,,,,,123,001,2025-05-10_13h52.27.660,OperationSpanTask,2024.2.4,60,2025-05-10 13h52.30.351451 -0700,
0,0,0,,,space,1.333297916018637,None,,,Block3.xlsx,Operation,5,( 5 + 5 ) × 2 = 21,left,N,None,left,1,0.15279883300536312,None,,,,,,,,0,0,0,0,,,,,,,,,,,,,,,,,,,,,,,,,,,,,,,,,,,,,0,2,2,2,0,0,0,0,,,,,,,,,268.1125117090123,,,,,,,,,,,,,,,,,,,,,,,,,,,268.11038675002055,268.39927779202117,268.39927779202117,268.5684750000073,,,,,268.56984150002245,268.5736590420129,269.5639894170163,269.56816387499566,,,,,,,,,,,,,265.6016095840023,265.6122035839944,268.1125117090123,268.10058116700384,,,,,,,,,,,,,,,,,,,,,,,,,,,,,,,,,,left,1,0.15279883300536312,None,,,,,,,,,,,,,,,,,,,123,001,2025-05-10_13h52.27.660,OperationSpanTask,2024.2.4,60,2025-05-10 13h52.30.351451 -0700,
1,1,0,,,space,1.333297916018637,None,,,Block3.xlsx,Operation,5,( 4 - 3 ) × 1 = 1,right,G,None,left,0,0.13577258298755623,None,,,,,,,,0,0,0,0,,,,,,,,,,,,,,,,,,,,,,,,,,,,,,,,,,,,,0,2,2,2,0,1,1,1,,,,,,,,,269.56816387499566,,,,,,,,,,,,,,,,,,,,,,,,,,,269.5661781250092,269.8702165840077,269.8702165840077,270.01969783401,,,,,270.02097970902105,270.0243337090069,271.0140530000208,271.01822533400264,,,,,,,,,,,,,,,,,,,,,,,,,,,,,,,,,,,,,,,,,,,,,,,,,,left,0,0.13577258298755623,None,,,,,,,,,,,,,,,,,,,123,001,2025-05-10_13h52.27.660,OperationSpanTask,2024.2.4,60,2025-05-10 13h52.30.351451 -0700,
2,2,0,,,space,1.333297916018637,None,,,Block3.xlsx,Operation,5,( 3 - 2 ) × 5 = 5,right,V,None,left,0,0.17993387498427182,None,,,,,,,,0,0,0,0,,,,,,,,,,,,,,,,,,,,,,,,,,,,,,,,,,,,,0,2,2,2,0,2,2,2,,,,,,,,,271.01822533400264,,,,,,,,,,,,,,,,,,,,,,,,,,,271.01630787501927,271.3121460000111,271.3121460000111,271.49786770899664,,,,,271.499139749998,271.5026123340067,272.5004120840167,,,,,,,,,,,,,,,,,,,,,,,,,,,,,,,,,,,,,,,,,,,,,,,,,,,left,0,0.17993387498427182,None,,,,,,,,,,,,,,,,,,,123,001,2025-05-10_13h52.27.660,OperationSpanTask,2024.2.4,60,2025-05-10 13h52.30.351451 -0700,
3,3,0,,,space,1.333297916018637,None,,,Block3.xlsx,Operation,5,( 3 + 8 ) × 2 = 17,left,X,None,left,1,0.048834457993507385,None,,,,,,,,0,0,0,0,,,,,,,,,,,,,,,,,,,,,,,,,,,,,,,,,,,,,0,2,2,2,0,3,3,3,,,,,,,,,272.5049918339937,,,,,,,,,,,,,,,,,,,,,,,,,,,272.50296537499526,272.7879286670068,272.7879286670068,272.8517380419944,,,,,272.8531963750138,272.8570158749935,273.84737845900236,273.851412500022,,,,,,,,,,,,,,,,,,,,,,,,,,,,,,,,,,,,,,,,,,,,,,,,,,left,1,0.048834457993507385,None,,,,,,,,,,,,,,,,,,,123,001,2025-05-10_13h52.27.660,OperationSpanTask,2024.2.4,60,2025-05-10 13h52.30.351451 -0700,
4,4,0,,,space,1.333297916018637,None,,,Block3.xlsx,Operation,5,( 5 - 5 ) × 1 = 0,right,S,"['n', 'g', 'v', 'x', 's']",left,0,0.09824104199651629,None,,,,,,,,0,0,0,0,,,,,,,,,,,,,,,,,,,,,,,,,,,,,,,,,,,,,0,2,2,2,0,4,4,4,,,,,,,,,273.851412500022,,,,,,,,,,,,,,,,,,,,,,,,,,,273.8494850000134,274.162171709002,274.162171709002,274.264437750011,,,,,274.26569812500384,274.2690947499941,275.26403791701887,275.26797629200155,,,,,,,,,,,,,,,,,,,,,,,,,,,,,,,,,,,,,,,,,,,,,,,,,,left,0,0.09824104199651629,None,,,,,,,,,,,,,,,,,,,123,001,2025-05-10_13h52.27.660,OperationSpanTask,2024.2.4,60,2025-05-10 13h52.30.351451 -0700,
2,2,0,,,space,1.333297916018637,None,,,Block3.xlsx,,,,,,,,,,,"['d', 'f', 'g', 'h', 'j', 'k', 'l']",0,"[1.711668208008632, 1.815451666014269, 1.8635823750228155, 1.9072660829988308, 1.9476263750111684, 1.9873851250158623, 2.027579000015976]","[0.09558774999459274, 0.048130709008546546, 0.04804199998034164, 0.043923582998104393, 0.039758750004693866, 0.04394879098981619, 0.06805066598462872]",space,2.2840405000024475,None,0,0,0,0,,,,,,,,,,,,,,,,,,,,,,,,,,,,,,,,,,,,,0,2,2,2,,,,,,,,,,,,,,,,,,,,,,,,,,,,,,,,,,,,,,,,,,,,,,,,,,,,275.265966750012,275.26797629200155,275.26797629200155,275.7618587500183,278.0477857090009,,,,,,,,,,,,,,,,,,,,,,,,,,,,,,,,,,,,,,,,,,,,,,,,,"['d', 'f', 'g', 'h', 'j', 'k', 'l']",0,"[1.711668208008632, 1.815451666014269, 1.8635823750228155, 1.9072660829988308, 1.9476263750111684, 1.9873851250158623, 2.027579000015976]","[0.09558774999459274, 0.048130709008546546, 0.04804199998034164, 0.043923582998104393, 0.039758750004693866, 0.04394879098981619, 0.06805066598462872]",space,2.2840405000024475,None,,,,,,,,,,,,123,001,2025-05-10_13h52.27.660,OperationSpanTask,2024.2.4,60,2025-05-10 13h52.30.351451 -0700,
0,0,0,,,space,1.333297916018637,None,,,Block1.xlsx,Operation,6,( 5 + 4 ) × 5 = 45,right,J,None,left,0,0.16781116600031964,None,,,,,,,,0,0,0,0,,,,,,,,,,,,,,,,,,,,,,,,,,,,,,,,,,,,,,,,,,,,,0,0,0,0,0,0,0,0,280.55888358401717,,,,,,,,,,,,,,,,,,,,,,,,,,,280.5567554589943,280.84578212501947,280.84578212501947,281.0226424590219,,,,,281.02430291700875,281.02859491700656,282.0141223340179,282.0182382920175,,,,,,,,,,,,,278.0525365420035,278.056301500008,280.55888358401717,280.5475978750037,,,,,,,,,,,,,,,,,,,,,,,,,,,,,,,,,,,,,,,,,,,,,left,0,0.16781116600031964,None,,,,,,,,123,001,2025-05-10_13h52.27.660,OperationSpanTask,2024.2.4,60,2025-05-10 13h52.30.351451 -0700,
1,1,0,,,space,1.333297916018637,None,,,Block1.xlsx,Operation,6,( 3 - 3 ) × 2 = 0,right,P,None,left,0,0.18108408301486634,None,,,,,,,,0,0,0,0,,,,,,,,,,,,,,,,,,,,,,,,,,,,,,,,,,,,,,,,,,,,,0,0,0,0,0,1,1,1,282.0182382920175,,,,,,,,,,,,,,,,,,,,,,,,,,,282.0161835839972,282.3302867920138,282.3302867920138,282.5144157920149,,,,,282.51584854201064,282.51819662499474,283.51723962501273,,,,,,,,,,,,,,,,,,,,,,,,,,,,,,,,,,,,,,,,,,,,,,,,,,,,,,,,,,,,,,left,0,0.18108408301486634,None,,,,,,,,123,001,2025-05-10_13h52.27.660,OperationSpanTask,2024.2.4,60,2025-05-10 13h52.30.351451 -0700,
2,2,0,,,space,1.333297916018637,None,,,Block1.xlsx,Operation,6,( 4 - 3 ) × 3 = 3,right,K,None,left,0,0.12709049999830313,None,,,,,,,,0,0,0,0,,,,,,,,,,,,,,,,,,,,,,,,,,,,,,,,,,,,,,,,,,,,,0,0,0,0,0,2,2,2,283.521292792022,,,,,,,,,,,,,,,,,,,,,,,,,,,283.5194105840055,283.8134376670059,283.8134376670059,283.9478208340006,,,,,283.9492625420098,283.95263341700775,284.9475289999973,284.95164208399365,,,,,,,,,,,,,,,,,,,,,,,,,,,,,,,,,,,,,,,,,,,,,,,,,,,,,,,,,,,,,left,0,0.12709049999830313,None,,,,,,,,123,001,2025-05-10_13h52.27.660,OperationSpanTask,2024.2.4,60,2025-05-10 13h52.30.351451 -0700,
3,3,0,,,space,1.333297916018637,None,,,Block1.xlsx,Operation,6,( 3 + 7 ) × 5 = 50,right,L,None,left,0,0.039065832999767736,None,,,,,,,,0,0,0,0,,,,,,,,,,,,,,,,,,,,,,,,,,,,,,,,,,,,,,,,,,,,,0,0,0,0,0,3,3,3,284.95164208399365,,,,,,,,,,,,,,,,,,,,,,,,,,,284.9496015839977,285.24549479200505,285.24549479200505,285.30253825002,,,,,285.30387979201623,285.307520250004,286.2978812090005,286.3023585000192,,,,,,,,,,,,,,,,,,,,,,,,,,,,,,,,,,,,,,,,,,,,,,,,,,,,,,,,,,,,,left,0,0.039065832999767736,None,,,,,,,,123,001,2025-05-10_13h52.27.660,OperationSpanTask,2024.2.4,60,2025-05-10 13h52.30.351451 -0700,
4,4,0,,,space,1.333297916018637,None,,,Block1.xlsx,Operation,6,( 4 + 7 ) × 3 = 30,left,T,None,left,1,0.06837824900867417,None,,,,,,,,0,0,0,0,,,,,,,,,,,,,,,,,,,,,,,,,,,,,,,,,,,,,,,,,,,,,0,0,0,0,0,4,4,4,286.3023585000192,,,,,,,,,,,,,,,,,,,,,,,,,,,286.29995883401716,286.59552162501495,286.59552162501495,286.66456708399346,,,,,286.6658329589991,286.6680644589942,287.6640704169986,287.6680328340153,,,,,,,,,,,,,,,,,,,,,,,,,,,,,,,,,,,,,,,,,,,,,,,,,,,,,,,,,,,,,left,1,0.06837824900867417,None,,,,,,,,123,001,2025-05-10_13h52.27.660,OperationSpanTask,2024.2.4,60,2025-05-10 13h52.30.351451 -0700,
5,5,0,,,space,1.333297916018637,None,,,Block1.xlsx,Operation,6,( 5 - 4 ) × 4 = 4,right,D,"['j', 'p', 'k', 'l', 't', 'd']",left,0,0.06271562501206063,None,,,,,,,,0,0,0,0,,,,,,,,,,,,,,,,,,,,,,,,,,,,,,,,,,,,,,,,,,,,,0,0,0,0,0,5,5,5,287.6680328340153,,,,,,,,,,,,,,,,,,,,,,,,,,,287.66614558402216,287.9621854170109,287.9621854170109,288.0330744590028,,,,,288.0344835840224,288.0456707919948,289.0306746250135,289.0347823750053,,,,,,,,,,,,,,,,,,,,,,,,,,,,,,,,,,,,,,,,,,,,,,,,,,,,,,,,,,,,,left,0,0.06271562501206063,None,,,,,,,,123,001,2025-05-10_13h52.27.660,OperationSpanTask,2024.2.4,60,2025-05-10 13h52.30.351451 -0700,
0,0,0,,,space,1.333297916018637,None,,,Block1.xlsx,,,,,,,,,,,"['d', 'f', 'g', 'h', 'j', 'k', 'l']",0,"[0.9197342910047155, 0.9996902910061181, 1.0480246250226628, 1.0917512500018347, 1.1278961659991182, 1.1674804580106866, 1.2156940410204697]","[0.07995600000140257, 0.05190641700755805, 0.0437266249791719, 0.03614491599728353, 0.03958429201156832, 0.04448470799252391, 0.06790520899812691]",space,1.4703163329977542,None,0,0,0,0,,,,,,,,,,,,,,,,,,,,,,,,,,,,,,,,,,,,,,,,,,,,,0,0,0,0,,,,,,,,,,,,,,,,,,,,,,,,,,,,,,,,,,,,,,,,,,,,289.0327620000171,289.0347823750053,289.0347823750053,289.528804208996,291.0013196670043,,,,,,,,,,,,,,,,,,,,,,,,,,,,,,,,,,,,,,,,,,,,,,,,,,,,,,,,,,,,"['d', 'f', 'g', 'h', 'j', 'k', 'l']",0,"[0.9197342910047155, 0.9996902910061181, 1.0480246250226628, 1.0917512500018347, 1.1278961659991182, 1.1674804580106866, 1.2156940410204697]","[0.07995600000140257, 0.05190641700755805, 0.0437266249791719, 0.03614491599728353, 0.03958429201156832, 0.04448470799252391, 0.06790520899812691]",space,1.4703163329977542,None,123,001,2025-05-10_13h52.27.660,OperationSpanTask,2024.2.4,60,2025-05-10 13h52.30.351451 -0700,
0,0,0,,,space,1.333297916018637,None,,,Block2.xlsx,Operation,6,( 3 + 3 ) × 3 = 15,left,C,None,right,0,0.021544791001360863,None,,,,,,,,0,0,0,0,,,,,,,,,,,,,,,,,,,,,,,,,,,,,,,,,,,,,,,,,,,,,0,1,1,1,0,0,0,0,293.509622750018,,,,,,,,,,,,,,,,,,,,,,,,,,,293.5073854170041,293.795508042007,293.795508042007,293.81824091699673,,,,,293.81949558400083,293.8287707090203,294.81454879199737,294.8185787090042,,,,,,,,,,,,,291.0015341670078,291.01219237499754,293.509622750018,293.49742295901524,,,,,,,,,,,,,,,,,,,,,,,,,,,,,,,,,,,,,,,,,,,,,right,0,0.021544791001360863,None,,,,,,,,123,001,2025-05-10_13h52.27.660,OperationSpanTask,2024.2.4,60,2025-05-10 13h52.30.351451 -0700,
1,1,0,,,space,1.333297916018637,None,,,Block2.xlsx,Operation,6,( 3 + 9 ) × 4 = 48,right,M,None,right,1,0.061658040998736396,None,,,,,,,,0,0,0,0,,,,,,,,,,,,,,,,,,,,,,,,,,,,,,,,,,,,,,,,,,,,,0,1,1,1,0,1,1,1,294.8185787090042,,,,,,,,,,,,,,,,,,,,,,,,,,,294.8166836670134,295.1188006250013,295.1188006250013,295.1811199999938,,,,,295.18253458401887,295.18481320899446,296.18083737499546,296.1848614170158,,,,,,,,,,,,,,,,,,,,,,,,,,,,,,,,,,,,,,,,,,,,,,,,,,,,,,,,,,,,,right,1,0.061658040998736396,None,,,,,,,,123,001,2025-05-10_13h52.27.660,OperationSpanTask,2024.2.4,60,2025-05-10 13h52.30.351451 -0700,
2,2,0,,,space,1.333297916018637,None,,,Block2.xlsx,Operation,6,( 3 - 3 ) × 5 = 1,left,B,None,left,1,0.16830558300716802,None,,,,,,,,0,0,0,0,,,,,,,,,,,,,,,,,,,,,,,,,,,,,,,,,,,,,,,,,,,,,0,1,1,1,0,2,2,2,296.1848614170158,,,,,,,,,,,,,,,,,,,,,,,,,,,296.18298149999464,296.47893629199825,296.47893629199825,296.6479220420006,,,,,296.64917708400753,296.652624209004,297.6501717500214,,,,,,,,,,,,,,,,,,,,,,,,,,,,,,,,,,,,,,,,,,,,,,,,,,,,,,,,,,,,,,left,1,0.16830558300716802,None,,,,,,,,123,001,2025-05-10_13h52.27.660,OperationSpanTask,2024.2.4,60,2025-05-10 13h52.30.351451 -0700,
3,3,0,,,space,1.333297916018637,None,,,Block2.xlsx,Operation,6,( 4 - 3 ) × 3 = 6,left,R,None,left,1,0.13928254201891832,None,,,,,,,,0,0,0,0,,,,,,,,,,,,,,,,,,,,,,,,,,,,,,,,,,,,,,,,,,,,,0,1,1,1,0,3,3,3,297.654272417014,,,,,,,,,,,,,,,,,,,,,,,,,,,297.6523678750091,297.94686541700503,297.94686541700503,298.0979839590145,,,,,298.0993177500204,298.10271133400965,299.0975205840077,299.10149662502226,,,,,,,,,,,,,,,,,,,,,,,,,,,,,,,,,,,,,,,,,,,,,,,,,,,,,,,,,,,,,left,1,0.13928254201891832,None,,,,,,,,123,001,2025-05-10_13h52.27.660,OperationSpanTask,2024.2.4,60,2025-05-10 13h52.30.351451 -0700,
4,4,0,,,space,1.333297916018637,None,,,Block2.xlsx,Operation,6,( 3 + 4 ) × 2 = 14,right,Q,None,left,0,0.11461216601310298,None,,,,,,,,0,0,0,0,,,,,,,,,,,,,,,,,,,,,,,,,,,,,,,,,,,,,,,,,,,,,0,1,1,1,0,4,4,4,299.10149662502226,,,,,,,,,,,,,,,,,,,,,,,,,,,299.0995783340186,299.39552291700966,299.39552291700966,299.51756220901734,,,,,299.51882270901115,299.52897629200015,300.51706337500946,300.52110933401855,,,,,,,,,,,,,,,,,,,,,,,,,,,,,,,,,,,,,,,,,,,,,,,,,,,,,,,,,,,,,left,0,0.11461216601310298,None,,,,,,,,123,001,2025-05-10_13h52.27.660,OperationSpanTask,2024.2.4,60,2025-05-10 13h52.30.351451 -0700,
5,5,0,,,space,1.333297916018637,None,,,Block2.xlsx,Operation,6,( 4 + 3 ) × 4 = 28,right,S,"['c', 'm', 'b', 'r', 'q', 's']",left,0,0.16383962499094196,None,,,,,,,,0,0,0,0,,,,,,,,,,,,,,,,,,,,,,,,,,,,,,,,,,,,,,,,,,,,,0,1,1,1,0,5,5,5,300.52110933401855,,,,,,,,,,,,,,,,,,,,,,,,,,,300.51924979200703,300.8177259590011,300.8177259590011,300.9849077090039,,,,,300.98616833399865,300.99562920900644,301.9842695420084,301.98878504202,,,,,,,,,,,,,,,,,,,,,,,,,,,,,,,,,,,,,,,,,,,,,,,,,,,,,,,,,,,,,left,0,0.16383962499094196,None,,,,,,,,123,001,2025-05-10_13h52.27.660,OperationSpanTask,2024.2.4,60,2025-05-10 13h52.30.351451 -0700,
1,1,0,,,space,1.333297916018637,None,,,Block2.xlsx,,,,,,,,,,,"['f', 'g', 'h', 'j', 'k', 'l']",0,"[2.745977375016082, 2.8019914159958716, 2.8538732080196496, 2.902044000016758, 2.9458300830156077, 3.018127415998606]","[0.06020249999710359, 0.05188179202377796, 0.04817079199710861, 0.04794466600287706, 0.07229733298299834, 0.03183329201419838]",space,3.1903386659978423,None,0,0,0,0,,,,,,,,,,,,,,,,,,,,,,,,,,,,,,,,,,,,,,,,,,,,,0,1,1,1,,,,,,,,,,,,,,,,,,,,,,,,,,,,,,,,,,,,,,,,,,,,301.98629895900376,301.98878504202,301.98878504202,302.48580895899795,305.68120012502186,,,,,,,,,,,,,,,,,,,,,,,,,,,,,,,,,,,,,,,,,,,,,,,,,,,,,,,,,,,,"['f', 'g', 'h', 'j', 'k', 'l']",0,"[2.745977375016082, 2.8019914159958716, 2.8538732080196496, 2.902044000016758, 2.9458300830156077, 3.018127415998606]","[0.06020249999710359, 0.05188179202377796, 0.04817079199710861, 0.04794466600287706, 0.07229733298299834, 0.03183329201419838]",space,3.1903386659978423,None,123,001,2025-05-10_13h52.27.660,OperationSpanTask,2024.2.4,60,2025-05-10 13h52.30.351451 -0700,
0,0,0,,,space,1.333297916018637,None,,,Block3.xlsx,Operation,6,( 5 - 4 ) × 1 = 5,left,F,None,left,1,0.08174750002217479,None,,,,,,,,0,0,0,0,,,,,,,,,,,,,,,,,,,,,,,,,,,,,,,,,,,,,,,,,,,,,0,2,2,2,0,0,0,0,308.19559625000693,,,,,,,,,,,,,,,,,,,,,,,,,,,308.1775693749951,308.4788101669983,308.4788101669983,308.5661561250163,,,,,308.5674461250019,308.57095391702023,309.5642022920074,309.56825837501674,,,,,,,,,,,,,305.6814311250055,305.6832544170029,308.19559625000693,308.1678922090214,,,,,,,,,,,,,,,,,,,,,,,,,,,,,,,,,,,,,,,,,,,,,left,1,0.08174750002217479,None,,,,,,,,123,001,2025-05-10_13h52.27.660,OperationSpanTask,2024.2.4,60,2025-05-10 13h52.30.351451 -0700,
1,1,0,,,space,1.333297916018637,None,,,Block3.xlsx,Operation,6,( 3 + 4 ) × 4 = 23,left,V,None,left,1,0.05516120800166391,None,,,,,,,,0,0,0,0,,,,,,,,,,,,,,,,,,,,,,,,,,,,,,,,,,,,,,,,,,,,,0,2,2,2,0,1,1,1,309.56825837501674,,,,,,,,,,,,,,,,,,,,,,,,,,,309.5662855420087,309.86227141701966,309.86227141701966,309.9182420000143,,,,,309.91951133401017,309.9288020840031,310.9195215840009,,,,,,,,,,,,,,,,,,,,,,,,,,,,,,,,,,,,,,,,,,,,,,,,,,,,,,,,,,,,,,left,1,0.05516120800166391,None,,,,,,,,123,001,2025-05-10_13h52.27.660,OperationSpanTask,2024.2.4,60,2025-05-10 13h52.30.351451 -0700,
2,2,0,,,space,1.333297916018637,None,,,Block3.xlsx,Operation,6,( 1 + 1 ) × 3 = 4,left,Z,None,right,0,0.07302733301185071,None,,,,,,,,0,0,0,0,,,,,,,,,,,,,,,,,,,,,,,,,,,,,,,,,,,,,,,,,,,,,0,2,2,2,0,2,2,2,310.92885808402207,,,,,,,,,,,,,,,,,,,,,,,,,,,310.92165745899547,311.2288560839952,311.2288560839952,311.3182405840198,,,,,311.31971087501734,311.323581500008,312.3140734170156,312.3180282500107,,,,,,,,,,,,,,,,,,,,,,,,,,,,,,,,,,,,,,,,,,,,,,,,,,,,,,,,,,,,,right,0,0.07302733301185071,None,,,,,,,,123,001,2025-05-10_13h52.27.660,OperationSpanTask,2024.2.4,60,2025-05-10 13h52.30.351451 -0700,
3,3,0,,,space,1.333297916018637,None,,,Block3.xlsx,Operation,6,( 9 - 4 ) × 2 = 10,right,N,None,right,1,0.9371675829752348,None,,,,,,,,0,0,0,0,,,,,,,,,,,,,,,,,,,,,,,,,,,,,,,,,,,,,,,,,,,,,0,2,2,2,0,3,3,3,312.3180282500107,,,,,,,,,,,,,,,,,,,,,,,,,,,312.3161525420146,312.62031770902104,312.62031770902104,313.5681325420155,,,,,313.56939937500283,313.5788333750097,314.56410208399757,314.56812974999775,,,,,,,,,,,,,,,,,,,,,,,,,,,,,,,,,,,,,,,,,,,,,,,,,,,,,,,,,,,,,right,1,0.9371675829752348,None,,,,,,,,123,001,2025-05-10_13h52.27.660,OperationSpanTask,2024.2.4,60,2025-05-10 13h52.30.351451 -0700,
4,4,0,,,space,1.333297916018637,None,,,Block3.xlsx,Operation,6,( 3 + 5 ) × 1 = 3,left,P,None,left,1,1.8681564579892438,None,,,,,,,,0,0,0,0,,,,,,,,,,,,,,,,,,,,,,,,,,,,,,,,,,,,,,,,,,,,,0,2,2,2,0,4,4,4,314.56812974999775,,,,,,,,,,,,,,,,,,,,,,,,,,,314.56615370902,314.86218845899566,314.86218845899566,316.735528292018,,,,,316.73680945902015,316.7405208340206,317.73076629202114,317.7348555420176,,,,,,,,,,,,,,,,,,,,,,,,,,,,,,,,,,,,,,,,,,,,,,,,,,,,,,,,,,,,,left,1,1.8681564579892438,None,,,,,,,,123,001,2025-05-10_13h52.27.660,OperationSpanTask,2024.2.4,60,2025-05-10 13h52.30.351451 -0700,
5,5,0,,,space,1.333297916018637,None,,,Block3.xlsx,Operation,6,( 5 + 3 ) × 3 = 24,right,X,"['f', 'v', 'z', 'n', 'p', 'x']",right,1,1.3786085830070078,None,,,,,,,,0,0,0,0,,,,,,,,,,,,,,,,,,,,,,,,,,,,,,,,,,,,,,,,,,,,,0,2,2,2,0,5,5,5,317.7348555420176,,,,,,,,,,,,,,,,,,,,,,,,,,,317.7329495419981,318.03771070900257,318.03771070900257,319.41856783401454,,,,,319.41991179200704,319.4288494590146,320.41926020901883,,,,,,,,,,,,,,,,,,,,,,,,,,,,,,,,,,,,,,,,,,,,,,,,,,,,,,,,,,,,,,right,1,1.3786085830070078,None,,,,,,,,123,001,2025-05-10_13h52.27.660,OperationSpanTask,2024.2.4,60,2025-05-10 13h52.30.351451 -0700,
2,2,0,,,space,1.333297916018637,None,,,Block3.xlsx,,,,,,,,,,,"['d', 'f', 'g', 'h', 'j', 'k', 'l']",0,"[1.2842211239913013, 1.3284116239810828, 1.3645823739934713, 1.4083349159918725, 1.4444853329914622, 1.4804431239899714, 1.5243510410073213]","[0.039954334002686664, 0.039932584011694416, 0.043752541998401284, 0.03615041699958965, 0.035957790998509154, 0.0482220420090016, 0.07592024997575209]",space,1.7782700409879908,None,0,0,0,0,,,,,,,,,,,,,,,,,,,,,,,,,,,,,,,,,,,,,,,,,,,,,0,2,2,2,,,,,,,,,,,,,,,,,,,,,,,,,,,,,,,,,,,,,,,,,,,,320.4213407920033,320.4288256250147,320.4288256250147,320.9122300000163,322.6979422089935,,,,,,,,,,,,,,,,,,,,,,,,,,,,,,,,,,,,,,,,,,,,,,,,,,,,,,,,,,,,"['d', 'f', 'g', 'h', 'j', 'k', 'l']",0,"[1.2842211239913013, 1.3284116239810828, 1.3645823739934713, 1.4083349159918725, 1.4444853329914622, 1.4804431239899714, 1.5243510410073213]","[0.039954334002686664, 0.039932584011694416, 0.043752541998401284, 0.03615041699958965, 0.035957790998509154, 0.0482220420090016, 0.07592024997575209]",space,1.7782700409879908,None,123,001,2025-05-10_13h52.27.660,OperationSpanTask,2024.2.4,60,2025-05-10 13h52.30.351451 -0700,
0,0,0,,,space,1.333297916018637,None,,,,,,,,,,,,,,,,,,,,,0,0,0,0,,,,,,,,,,,,,,,,,,,,,,,,,,,,,,,,,,,,,,,,,,,,,,,,,,,,,,,,,,,,,,,,,,,,,,,,,,,,,,,,,,,,,,,,,,,,,,,,,,,,,,,,,,,,,,,,,,,,,,,,,,,,,,,,,,,,,,,,,,,,,,,,,,,,,,,,,,,,,,,,,,,123,001,2025-05-10_13h52.27.660,OperationSpanTask,2024.2.4,60,2025-05-10 13h52.30.351451 -0700,
0,0,0,M,None,space,0.6710934580187313,None,None,1,,,,,,,,,,,,,,,,,,,1,0,1,0,0,0,0,0,,,,,,,,,,,,,,,,,,,,,,,,,,,,,,,,,,,,,,,,,,,,,,,,,324.30268154200166,,323.1202852090064,323.1207398340048,323.1207653339952,323.12591733402223,323.61580495900125,324.2884265000175,space,0.6710934580187313,None,324.2990491249948,325.78273958401405,325.78273958401405,326.28061504202196,326.7788402500155,326.7713738339953,None,1,,,,,,,,,,,,,,,,,,,,,,,,,,,,,,,,,,,,,,,,,,,,,,,,,,,,,,,,,,,,,,,,,,,,,,,,,,,,,,,,,,,,,,,,,,,,123,001,2025-05-10_13h52.27.660,OperationSpanTask,2024.2.4,60,2025-05-10 13h52.30.351451 -0700,
1,1,0,O,None,space,0.6710934580187313,None,None,1,,,,,,,,,,,,,,,,,,,1,0,1,0,0,1,1,1,,,,,,,,,,,,,,,,,,,,,,,,,,,,,,,,,,,,,,,,,,,,,,,,,326.7788402500155,,,,,,,,,,,326.772775874997,328.28663062502164,328.28663062502164,328.7878600420081,329.27884499999345,329.27204166701995,None,1,,,,,,,,,,,,,,,,,,,,,,,,,,,,,,,,,,,,,,,,,,,,,,,,,,,,,,,,,,,,,,,,,,,,,,,,,,,,,,,,,,,,,,,,,,,,123,001,2025-05-10_13h52.27.660,OperationSpanTask,2024.2.4,60,2025-05-10 13h52.30.351451 -0700,
2,2,0,X,None,space,0.6710934580187313,None,None,1,,,,,,,,,,,,,,,,,,,1,0,1,0,0,2,2,2,,,,,,,,,,,,,,,,,,,,,,,,,,,,,,,,,,,,,,,,,,,,,,,,,329.27884499999345,,,,,,,,,,,329.2735177499999,330.78268324999954,330.78268324999954,331.295607417007,331.77271525000106,331.7691229589982,None,1,,,,,,,,,,,,,,,,,,,,,,,,,,,,,,,,,,,,,,,,,,,,,,,,,,,,,,,,,,,,,,,,,,,,,,,,,,,,,,,,,,,,,,,,,,,,123,001,2025-05-10_13h52.27.660,OperationSpanTask,2024.2.4,60,2025-05-10 13h52.30.351451 -0700,
3,3,0,P,None,space,0.6710934580187313,None,None,1,,,,,,,,,,,,,,,,,,,1,0,1,0,0,3,3,3,,,,,,,,,,,,,,,,,,,,,,,,,,,,,,,,,,,,,,,,,,,,,,,,,331.77271525000106,,,,,,,,,,,331.7705317090149,333.275159834011,333.275159834011,333.763599124999,334.26517504200456,334.2618087090086,None,1,,,,,,,,,,,,,,,,,,,,,,,,,,,,,,,,,,,,,,,,,,,,,,,,,,,,,,,,,,,,,,,,,,,,,,,,,,,,,,,,,,,,,,,,,,,,123,001,2025-05-10_13h52.27.660,OperationSpanTask,2024.2.4,60,2025-05-10 13h52.30.351451 -0700,
4,4,0,X,None,,,,,,,,,,,,,,,,,,,,,,,,,,,,0,4,4,4,,,,,,,,,,,,,,,,,,,,,,,,,,,,,,,,,,,,,,,,,,,,,,,,,334.26517504200456,,,,,,,,,,,334.26320162499906,,,,,,,,,,,,,,,,,,,,,,,,,,,,,,,,,,,,,,,,,,,,,,,,,,,,,,,,,,,,,,,,,,,,,,,,,,,,,,,,,,,,,,,,,,,,,,,,,,,,,,,,,,
